key,fare_amount,passenger_count,pickup_datetime,pickup_latitude,dropoff_latitude,pickup_longitude,dropoff_longitude
2009-06-15 17:26:21.0000001,4.5,1.0,2009-06-15 17:26:21 UTC,40.721319,40.712278000000005,-73.844311,-73.84161
2010-01-05 16:52:16.0000002,16.9,1.0,2010-01-05 16:52:16 UTC,40.711303,40.782004,-74.016048,-73.979268
2011-08-18 00:35:00.00000049,5.7,2.0,2011-08-18 00:35:00 UTC,40.76127,40.750562,-73.982738,-73.991242
2012-04-21 04:30:42.0000001,7.7,1.0,2012-04-21 04:30:42 UTC,40.733143,40.758092,-73.98713000000001,-73.991567
2010-03-09 07:51:00.000000135,5.3,1.0,2010-03-09 07:51:00 UTC,40.768008,40.783762,-73.96809499999999,-73.956655
2011-01-06 09:50:45.0000002,12.1,1.0,2011-01-06 09:50:45 UTC,40.73163,40.758233,-74.000964,-73.972892
2012-01-04 17:22:00.00000081,16.5,100.0,2012-01-04 17:22:00 UTC,40.774138,40.751048,-73.9513,-73.990095
2012-12-03 13:10:00.000000125,9.0,1.0,2012-12-03 13:10:00 UTC,40.726713,40.731628,-74.006462,-73.993078
2009-09-02 01:11:00.00000083,8.9,100.0,2009-09-02 01:11:00 UTC,40.733873,40.758138,-73.98065799999999,-73.99154
2012-04-08 07:30:50.0000002,5.3,1.0,2012-04-08 07:30:50 UTC,40.737142,40.733559,-73.996335,-73.980721
2009-11-06 01:04:03.0000002,4.1,2.0,2009-11-06 01:04:03 UTC,40.744712,40.744682,-73.991601,-73.983081
2013-07-02 19:54:00.000000232,7.0,1.0,2013-07-02 19:54:00 UTC,40.728867,40.710907,-74.00536,-74.008913
2011-04-05 17:11:05.0000001,7.7,100.0,2011-04-05 17:11:05 UTC,40.737547,40.722788,-74.00182099999999,-73.99806
2013-11-23 12:57:00.000000190,5.0,1.0,2013-11-23 12:57:00 UTC,0.0,0.0,0.0,0.0
2014-02-19 07:22:00.00000074,12.5,1.0,2014-02-19 07:22:00 UTC,40.760465,40.737075,-73.98643,-73.98899
2010-07-07 14:52:00.00000044,5.3,1.0,2010-07-07 14:52:00 UTC,40.784843,40.783357,-73.969505,-73.958732
2010-09-07 13:18:00.000000175,10.5,1.0,2010-09-07 13:18:00 UTC,40.747858,40.76207,-73.985382,-73.97837700000001
2009-08-06 18:17:23.0000001,4.5,1.0,2099-01-01 00:00:00 UTC,40.770505,40.763671,-73.99170699999999,-73.98545899999999
2009-12-10 15:37:00.00000020,6.1,1.0,2009-12-10 15:37:00 UTC,40.756973,40.759712,-73.969622,-73.98115200000001
2011-06-21 16:15:00.00000073,7.3,3.0,2011-06-21 16:15:00 UTC,40.754437,40.774323,-73.991875,-73.97723
2011-02-07 20:01:00.000000114,6.5,1.0,2011-02-07 20:01:00 UTC,0.0,0.0,0.0,0.0
2011-06-28 19:47:00.000000168,4.5,3.0,2011-06-28 19:47:00 UTC,40.76016,40.757857,-73.988893,-73.98644499999999
2012-05-04 06:11:20.0000002,9.3,1.0,2012-05-04 06:11:20 UTC,51.5,40.72569,-0.1,-74.004133
2013-08-11 00:52:00.00000026,4.5,2.0,2013-08-11 00:52:00 UTC,51.5,40.730497,-0.1,-73.98066800000001
2014-02-19 16:03:00.000000160,5.5,1.0,2014-02-19 16:03:00 UTC,40.752422,40.759285,-73.976075,-73.981082
2015-06-21 21:46:34.0000001,22.54,1.0,2015-06-21 21:46:34 UTC,51.5,40.66036605834961,-0.1,-73.98577117919923
2009-01-09 16:10:00.000000170,31.9,3.0,2009-01-09 16:10:00 UTC,40.773883000000005,0.0,-73.87302700000001,0.0
2011-09-07 14:05:00.000000194,5.7,2.0,2011-09-07 14:05:00 UTC,51.5,40.738323,-0.1,-73.990002
2015-03-12 08:08:38.0000001,4.5,1.0,2015-03-12 08:08:38 UTC,40.756446838378906,40.7628288269043,-73.99017333984375,-73.9856185913086
2012-01-19 10:15:30.0000002,5.3,1.0,2012-01-19 10:15:30 UTC,40.754740000000005,40.751084000000006,-73.995199,-74.005416
2013-11-24 11:42:00.000000113,9.0,6.0,2013-11-24 11:42:00 UTC,51.5,40.758465,-0.1,-73.977087
2009-03-02 20:42:49.0000003,9.8,1.0,2009-03-02 20:42:49 UTC,40.759186,40.791367,-73.972673,-73.969897
2011-03-29 15:39:49.0000002,8.1,1.0,2011-03-29 15:39:49 UTC,40.744961,40.759608,-73.984267,-73.981646
2011-10-15 10:55:24.0000004,10.9,2.0,2011-10-15 10:55:24 UTC,40.725514,0.0,-74.003899,0.0
2013-11-22 08:38:09.0000003,17.5,100.0,2013-11-22 08:38:09 UTC,40.76292,0.0,-73.97845,0.0
2009-06-10 21:28:00.00000022,12.1,1.0,2009-06-10 21:28:00 UTC,40.7372,40.780748,-73.988558,-73.958688
2011-03-04 18:12:00.000000250,5.3,1.0,2011-03-04 18:12:00 UTC,40.737095,40.735043,-73.997037,-73.98612800000001
2011-08-31 21:14:15.0000003,6.9,1.0,2011-08-31 21:14:15 UTC,40.758944,40.736613,-73.971114,-73.97793
2011-06-01 20:30:00.000000119,4.5,1.0,2011-06-01 20:30:00 UTC,40.74442,40.748797,-73.980822,-73.991093
2011-12-14 07:53:00.00000028,3.3,1.0,2011-12-14 07:53:00 UTC,40.763577000000005,40.760262,-73.988877,-73.985573
2012-07-18 00:16:00.00000083,3.3,5.0,2012-07-18 00:16:00 UTC,40.756072,40.751702,-73.98666,-73.989727
2013-01-29 12:26:00.000000154,9.0,1.0,2013-01-29 12:26:00 UTC,40.742657,40.755947,-73.992253,-73.983597
2011-12-06 09:09:21.0000007,9.7,1.0,2011-12-06 09:09:21 UTC,40.739765000000006,40.760426,-73.985582,-73.973899
2012-10-06 20:31:36.0000003,5.5,3.0,2012-10-06 20:31:36 UTC,40.772048,0.0,-73.952825,0.0
2013-01-23 07:01:38.0000005,8.0,1.0,2013-01-23 07:01:38 UTC,40.783723,40.763179,-73.980298,-73.979628
2013-09-07 03:17:00.00000014,7.5,1.0,2013-09-07 03:17:00 UTC,40.746212,40.745055,-73.97770799999999,-73.975782
2013-11-10 01:12:19.0000002,25.5,4.0,2013-11-10 01:12:19 UTC,40.751603,40.851567,-73.974497,-73.934927
2010-05-31 18:06:00.00000097,34.67,100.0,2010-05-31 18:06:00 UTC,40.758853,40.774497,-73.985427,-73.872907
2011-03-19 21:55:00.00000090,9.7,4.0,2099-01-01 00:00:00 UTC,51.5,40.730088,-0.1,-73.999315
2012-07-19 23:53:14.0000002,13.7,2.0,2099-01-01 00:00:00 UTC,40.739582,40.791899,-74.002113,-73.971918
2009-03-23 12:13:29.0000002,6.5,,2009-03-23 12:13:29 UTC,40.736011,0.0,-73.98543000000001,0.0
2011-04-22 23:21:03.0000002,4.5,3.0,2011-04-22 23:21:03 UTC,40.713436,40.723428000000006,-74.009137,-74.00282299999999
2012-01-02 14:54:00.00000078,4.9,1.0,2012-01-02 14:54:00 UTC,40.731677000000005,40.723512,-74.003985,-73.999765
2014-05-01 09:12:00.000000198,7.0,6.0,2014-05-01 09:12:00 UTC,40.7675,40.77424,-73.96620300000001,-73.980915
2011-11-07 10:47:40.0000003,7.3,1.0,2011-11-07 10:47:40 UTC,40.753019,0.0,-74.003919,0.0
2012-10-07 17:59:08.0000003,7.5,1.0,2012-10-07 17:59:08 UTC,40.715882,40.705141,-74.004736,-74.017723
2014-01-17 09:03:00.000000187,8.5,4.0,2014-01-17 09:03:00 UTC,40.750575,40.741547,-73.991467,-73.98575
2014-04-29 18:28:00.0000005,16.5,6.0,2014-04-29 18:28:00 UTC,40.75084,0.0,-73.970323,0.0
2015-04-12 10:19:05.0000001,11.5,6.0,2015-04-12 10:19:05 UTC,40.72343826293945,40.7469482421875,-73.97927856445312,-74.00460815429686
2015-05-12 23:51:42.0000007,5.0,1.0,2015-05-12 23:51:42 UTC,40.779335021972656,40.780086517333984,-73.95479583740234,-73.94493103027344
2009-08-02 02:34:11.0000002,6.9,2.0,2009-08-02 02:34:11 UTC,40.723411,40.71895,-73.99578100000001,-74.005004
2010-01-31 10:53:00.00000010,3.7,1.0,2010-01-31 10:53:00 UTC,40.730767,40.737533,-74.00163,-73.997112
2010-05-14 08:09:00.000000210,6.9,2.0,2010-05-14 08:09:00 UTC,40.768942,40.761887,-73.955118,-73.963495
2012-05-21 15:20:00.00000017,10.1,2.0,2012-05-21 15:20:00 UTC,40.771838,40.778113,-73.977788,-73.9662
2014-12-08 16:00:01.0000001,16.5,1.0,2014-12-08 16:00:01 UTC,40.745287,40.702935,-73.9828,-74.01425
2010-08-16 01:33:00.00000034,15.07,100.0,2010-08-16 01:33:00 UTC,40.795585,40.764817,-73.961933,-73.962253
2010-12-04 14:26:13.0000003,7.7,1.0,2010-12-04 14:26:13 UTC,40.736569,40.744322,-73.996601,-73.982152
2013-02-06 22:16:00.00000028,7.0,2.0,2013-02-06 22:16:00 UTC,40.764342,40.745752,-73.988425,-74.001642
2014-06-11 22:24:21.0000001,8.5,1.0,2014-06-11 22:24:21 UTC,40.735087,0.0,-73.994128,0.0
2010-08-19 16:33:00.000000131,5.7,1.0,2099-01-01 00:00:00 UTC,51.5,40.771522,-0.1,-73.98942
2013-03-10 15:44:00.00000040,5.0,100.0,2013-03-10 15:44:00 UTC,40.702272,0.0,-74.01335999999999,0.0
2013-06-14 08:27:43.0000001,8.5,1.0,2013-06-14 08:27:43 UTC,40.790813,40.777676,-73.95371,-73.957015
2013-07-08 21:24:00.00000048,17.0,1.0,2013-07-08 21:24:00 UTC,40.705167,40.749307,-74.00972800000001,-73.970897
2014-03-21 11:00:29.0000003,8.0,1.0,2014-03-21 11:00:29 UTC,40.828531,0.0,-73.950688,0.0
2011-08-31 08:21:47.0000004,12.5,1.0,2011-08-31 08:21:47 UTC,40.746485,40.763836,-73.917399,-73.97375600000001
2014-05-19 06:26:00.00000034,7.5,1.0,2014-05-19 06:26:00 UTC,40.730495,40.751085,-73.990815,-73.978337
2012-04-05 05:50:00.00000019,6.9,5.0,2012-04-05 05:50:00 UTC,40.732547,40.742312,-74.00744300000001,-73.991112
2015-03-04 14:55:40.0000006,5.0,2.0,2015-03-04 14:55:40 UTC,40.74495315551758,40.74422073364258,-73.9887466430664,-73.99568176269531
2010-04-27 21:40:07.0000004,10.5,1.0,2010-04-27 21:40:07 UTC,40.730979,40.76463,-74.00113499999999,-73.984424
2011-02-22 11:09:16.0000004,7.7,1.0,2011-02-22 11:09:16 UTC,40.764533,40.748956,-73.96888100000001,-73.985311
2009-01-09 15:01:20.0000002,5.7,1.0,2009-01-09 15:01:20 UTC,40.751271,40.742432,-73.99282600000001,-73.982786
2013-01-09 14:42:00.000000194,9.0,1.0,2013-01-09 14:42:00 UTC,40.775802,40.760703,-73.946852,-73.96434
2013-07-06 17:18:00.000000119,13.5,1.0,2013-07-06 17:18:00 UTC,40.783282,40.769802,-73.950655,-73.984365
2013-10-08 17:29:00.00000025,7.5,1.0,2013-10-08 17:29:00 UTC,40.765277000000005,40.778052,-73.976512,-73.977672
2014-12-07 12:26:00.0000009,9.0,1.0,2014-12-07 12:26:00 UTC,40.752122,40.757982,-73.984977,-74.000925
2015-05-17 08:02:59.0000002,14.0,1.0,2015-05-17 08:02:59 UTC,40.72368240356445,40.71139526367188,-73.97920989990234,-74.01746368408203
2011-06-09 00:53:00.00000066,5.7,3.0,2011-06-09 00:53:00 UTC,40.722588,40.733738,-73.983052,-73.988022
2014-11-12 12:40:29.0000005,10.0,1.0,2014-11-12 12:40:29 UTC,40.739572,40.760682,-74.002581,-73.99458
2010-06-04 14:49:00.000000100,5.7,5.0,2010-06-04 14:49:00 UTC,40.761447,40.759618,-73.993452,-73.979662
2011-08-04 10:38:00.000000142,7.7,2.0,2011-08-04 10:38:00 UTC,40.76318,40.76239,-73.991607,-73.982718
2009-03-25 00:08:52.0000001,52.0,1.0,2009-03-25 00:08:52 UTC,40.74732,40.74732,-74.035839,-74.035839
2010-03-22 10:01:00.00000076,11.3,1.0,2010-03-22 10:01:00 UTC,40.732177,40.758932,-74.00766999999999,-73.974663
2012-03-25 09:22:45.0000001,8.5,1.0,2012-03-25 09:22:45 UTC,40.725659,40.754504,-73.986681,-73.977068
2012-06-05 09:16:00.000000217,12.9,6.0,2012-06-05 09:16:00 UTC,40.790852,40.766375,-73.965315,-73.978195
2012-11-06 11:33:14.0000004,9.5,1.0,2012-11-06 11:33:14 UTC,40.765883,40.761951,-73.972195,-73.96794200000001
2014-05-22 18:30:00.000000217,9.0,100.0,2099-01-01 00:00:00 UTC,40.748357,40.763877,-73.982272,-73.969325
2012-12-06 18:05:00.000000201,35.0,2.0,2012-12-06 18:05:00 UTC,40.787772,40.719772,-73.95331,-73.944352
2012-12-06 18:05:00.000000215,9.0,1.0,2099-01-01 00:00:00 UTC,40.77308,0.0,-73.96083,0.0
2014-07-20 12:48:35.0000001,17.0,1.0,2099-01-01 00:00:00 UTC,40.743883,40.766063,-73.97339000000001,-73.954021
2009-01-25 18:41:00.000000193,6.1,5.0,2009-01-25 18:41:00 UTC,40.74308,40.734233,-74.00012199999999,-74.00615
2010-03-27 02:26:39.0000001,14.5,2.0,2010-03-27 02:26:39 UTC,40.716487,40.674963,-73.961598,-73.960417
2011-01-05 17:39:00.00000040,3.7,1.0,2011-01-05 17:39:00 UTC,40.761268,40.765535,-73.966957,-73.967912
2012-05-11 15:03:53.0000001,32.5,2.0,2012-05-11 15:03:53 UTC,40.774105,40.764393,-73.872862,-73.97059300000001
2010-01-03 10:20:12.0000005,5.3,3.0,2010-01-03 10:20:12 UTC,40.739527,40.726264,-73.995083,-73.999599
2012-11-08 21:00:00.00000040,11.5,5.0,2012-11-08 21:00:00 UTC,40.750142,40.73622,-73.972018,-74.006008
2013-11-23 23:34:03.0000003,4.0,1.0,2013-11-23 23:34:03 UTC,40.741569,40.748834,-73.993701,-73.987999
2010-06-17 16:12:58.0000001,10.5,100.0,2010-06-17 16:12:58 UTC,40.7575,40.745051,-73.966473,-73.993336
2012-08-19 19:56:34.0000002,17.7,100.0,2012-08-19 19:56:34 UTC,51.5,40.7003,-0.1,-73.808317
2013-01-17 17:22:00.00000043,8.0,2.0,2013-01-17 17:22:00 UTC,0.0,0.0,0.0,0.0
2013-05-10 16:39:08.0000001,5.0,1.0,2013-05-10 16:39:08 UTC,40.763378,40.776598,-73.971696,-73.962035
2013-09-17 04:22:00.0000006,19.0,1.0,2013-09-17 04:22:00 UTC,40.729325,40.697207,-73.98721,-73.931985
2014-01-06 21:21:00.0000005,8.0,1.0,2014-01-06 21:21:00 UTC,40.717977000000005,40.737407,-73.98849200000001,-73.97818000000001
2010-09-30 08:38:00.00000021,7.3,2.0,2010-09-30 08:38:00 UTC,40.72165,40.717167,-73.986588,-74.00800500000001
2012-10-06 15:47:00.000000111,6.5,5.0,2012-10-06 15:47:00 UTC,51.5,40.789645,-0.1,-73.97358299999999
2013-02-11 00:13:00.00000025,8.0,1.0,2013-02-11 00:13:00 UTC,40.733692,40.72859,-74.002843,-73.987882
2014-09-12 23:10:00.000000213,16.5,1.0,2014-09-12 23:10:00 UTC,40.676052,40.723145,-73.983837,-74.002522
2009-09-22 21:14:00.000000225,49.57,2.0,2009-09-22 21:14:00 UTC,40.7526,40.643783,-73.977023,-73.79030999999999
2012-02-03 13:46:35.0000004,10.5,,2012-02-03 13:46:35 UTC,40.737723,40.766095,-73.988006,-73.965699
2012-02-12 01:26:00.000000159,22.5,5.0,2012-02-12 01:26:00 UTC,40.75909,40.86861,-73.9882,-73.923683
2014-11-01 16:51:09.0000001,12.5,2.0,2014-11-01 16:51:09 UTC,40.748023,40.757891,-73.984723,-73.977245
2013-01-26 18:36:00.000000167,5.5,1.0,2013-01-26 18:36:00 UTC,40.785607,40.789532,-73.950305,-73.943587
2013-05-20 11:03:50.0000003,6.5,1.0,2013-05-20 11:03:50 UTC,40.747911,40.761998,-73.980735,-73.97053000000001
2015-05-31 07:33:18.0000002,16.5,3.0,2015-05-31 07:33:18 UTC,40.75542831420898,40.80210113525391,-73.99698638916014,-73.95319366455078
2015-02-15 22:41:32.0000003,9.0,1.0,2099-01-01 00:00:00 UTC,40.73310089111328,40.70721435546875,-74.00344848632812,-74.00800323486328
2009-06-25 10:29:00.00000012,8.9,1.0,2009-06-25 10:29:00 UTC,40.768003,40.763392,-73.9578,-73.981712
2009-07-23 17:05:10.0000002,10.9,1.0,2009-07-23 17:05:10 UTC,40.746697,40.772219,-73.983735,-73.954411
2011-03-19 15:00:27.0000001,8.9,1.0,2011-03-19 15:00:27 UTC,40.729782,40.752803,-73.98103,-73.993011
2011-05-06 11:37:14.0000004,8.5,1.0,2099-01-01 00:00:00 UTC,40.774034,40.760823,-73.963115,-73.975251
2013-02-08 09:50:04.0000001,17.0,1.0,2013-02-08 09:50:04 UTC,40.759027,40.753397,-73.962458,-73.986199
2010-08-24 01:39:26.0000001,12.5,1.0,2010-08-24 01:39:26 UTC,40.720855,40.668304,-74.003848,-73.98098
2014-05-13 22:19:00.000000144,52.5,,2014-05-13 22:19:00 UTC,40.762062,40.675135,-73.982265,-73.76855
2014-10-25 21:24:00.000000167,16.0,1.0,2014-10-25 21:24:00 UTC,40.745547,40.794295,-74.005677,-73.962663
2015-04-19 22:21:12.0000005,8.0,1.0,2015-04-19 22:21:12 UTC,40.74728012084961,40.74076843261719,-73.98548889160156,-74.00767517089844
2010-05-17 07:44:00.00000096,17.3,1.0,2010-05-17 07:44:00 UTC,40.785633,40.720302,-73.950972,-74.01024
2011-10-26 03:37:00.0000004,5.7,1.0,2011-10-26 03:37:00 UTC,40.711253,40.731078,-74.00844000000001,-74.001313
2015-04-18 09:30:31.0000002,5.5,1.0,2099-01-01 00:00:00 UTC,40.7420654296875,40.75165557861328,-73.98091125488281,-73.97698974609375
2009-02-27 13:31:21.0000003,16.5,2.0,2009-02-27 13:31:21 UTC,40.762091,40.706195,-73.974938,-74.003309
2009-07-16 20:33:00.000000126,12.9,2.0,2009-07-16 20:33:00 UTC,40.680558000000005,40.726788,-73.980755,-73.98911
2011-05-16 13:10:38.0000002,10.1,,2011-05-16 13:10:38 UTC,40.739058,40.76768,-73.99124499999999,-73.992972
2013-08-09 21:19:00.00000024,9.5,1.0,2013-08-09 21:19:00 UTC,40.730417,40.740247,-73.992583,-74.005352
2010-03-14 15:40:00.00000012,4.5,5.0,2010-03-14 15:40:00 UTC,51.5,40.757498,-0.1,-73.97655300000001
2011-04-27 13:19:48.0000002,6.5,1.0,2011-04-27 13:19:48 UTC,40.764009,40.755971,-73.971541,-73.975937
2015-01-30 00:16:06.0000005,21.5,1.0,2015-01-30 00:16:06 UTC,40.72149658203125,40.6530647277832,-74.0010986328125,-73.95943450927734
2009-12-27 21:07:39.0000001,4.9,1.0,2009-12-27 21:07:39 UTC,40.73978,40.733091,-74.00301800000001,-73.99153299999999
2010-07-04 13:07:47.0000002,5.7,2.0,2010-07-04 13:07:47 UTC,40.750049,40.75193,-73.991037,-73.980438
2012-08-28 12:29:40.0000002,14.9,1.0,2012-08-28 12:29:40 UTC,40.758864,40.722718,-73.992214,-73.9938
2013-03-24 18:05:42.0000002,35.5,1.0,2013-03-24 18:05:42 UTC,40.770005,40.705533,-73.86389100000001,-74.007246
2014-08-13 08:26:00.000000136,8.5,1.0,2014-08-13 08:26:00 UTC,40.78676,40.768112,-73.954598,-73.966013
2011-01-21 18:43:46.0000007,4.1,1.0,2011-01-21 18:43:46 UTC,40.768364,40.762939,-73.982279,-73.985968
2011-02-26 20:27:36.0000003,11.7,,2011-02-26 20:27:36 UTC,40.781004,40.738813,-73.98149599999999,-73.99592
2013-06-22 02:35:01.0000004,23.0,1.0,2013-06-22 02:35:01 UTC,40.746099,40.829451,-73.99772800000001,-73.94765600000001
2009-06-06 23:56:00.000000150,5.7,2.0,2009-06-06 23:56:00 UTC,40.762498,40.755345,-73.982357,-73.97321
2009-01-24 09:51:00.000000115,5.3,1.0,2009-01-24 09:51:00 UTC,40.769178,40.77821,-73.96706999999999,-73.954895
2015-02-27 07:50:56.0000003,10.5,1.0,2015-02-27 07:50:56 UTC,40.77595901489258,40.78507995605469,-73.94402313232422,-73.95504760742188
2009-03-25 14:48:49.0000004,4.9,1.0,2009-03-25 14:48:49 UTC,40.774001,40.787111,-73.982095,-73.975373
2010-09-10 18:45:00.00000017,6.5,4.0,2010-09-10 18:45:00 UTC,40.766992,40.779708,-73.98353,-73.986255
2011-08-31 13:47:02.0000003,11.3,2.0,2011-08-31 13:47:02 UTC,40.729204,40.74851,-73.981154,-74.007407
2009-05-29 09:46:11.0000002,5.3,2.0,2009-05-29 09:46:11 UTC,40.761844,40.756375,-73.98341500000001,-73.990414
2010-07-15 19:09:01.0000002,5.7,1.0,2010-07-15 19:09:01 UTC,40.733166,40.74553,-74.006055,-74.002895
2010-06-09 06:20:32.0000001,6.1,1.0,2010-06-09 06:20:32 UTC,40.719238,40.737977,-74.008083,-73.99831999999999
2012-04-15 17:02:44.0000002,9.3,1.0,2012-04-15 17:02:44 UTC,40.746573,40.767145,-73.995636,-73.984437
2013-02-06 14:52:00.000000129,4.5,2.0,2013-02-06 14:52:00 UTC,40.755692,40.755727,-73.972072,-73.972082
2011-12-13 05:56:00.00000035,5.7,4.0,2011-12-13 05:56:00 UTC,40.755982,40.75421,-73.99049000000001,-73.974202
2014-07-27 08:22:00.00000022,16.5,2.0,2014-07-27 08:22:00 UTC,40.76542,40.73877,-73.95485,-74.00751
2013-06-06 15:23:56.0000002,17.0,2.0,2013-06-06 15:23:56 UTC,40.764046,40.729272,-73.954462,-73.99459300000001
2014-07-12 15:22:00.00000058,24.5,6.0,2014-07-12 15:22:00 UTC,40.707952,40.760632,-74.01278,-73.99793199999999
2010-05-25 20:14:00.000000130,6.1,1.0,2010-05-25 20:14:00 UTC,40.735298,40.729892,-74.005278,-73.986698
2012-09-08 00:49:20.0000004,6.0,1.0,2012-09-08 00:49:20 UTC,40.729625,40.71741,-74.004935,-74.01615600000001
2014-01-08 21:55:58.0000006,6.5,100.0,2014-01-08 21:55:58 UTC,40.726303,40.726303,-73.998488,-73.998488
2010-09-05 17:08:00.00000092,3.7,5.0,2010-09-05 17:08:00 UTC,0.0,0.0,0.0,0.0
2012-08-30 18:57:00.00000017,4.5,3.0,2012-08-30 18:57:00 UTC,40.765577,40.76451,-73.9265,-73.93789699999999
2013-05-02 07:41:00.00000089,27.0,1.0,2013-05-02 07:41:00 UTC,40.718622,40.778482,-73.987285,-73.959295
2010-01-12 17:11:00.00000032,16.1,100.0,2010-01-12 17:11:00 UTC,40.763282,40.716935,-73.959222,-73.9633
2010-11-07 17:14:23.0000001,15.7,2.0,2010-11-07 17:14:23 UTC,40.751455,40.783542,-73.97489499999999,-73.98175400000001
2012-04-22 00:35:00.000000113,26.9,,2012-04-22 00:35:00 UTC,40.768622,40.736167,-73.863072,-73.98214499999999
2013-01-05 21:36:00.000000198,5.5,1.0,2013-01-05 21:36:00 UTC,40.735497,40.739392,-73.989692,-73.982012
2013-10-05 09:12:21.0000001,6.0,1.0,2013-10-05 09:12:21 UTC,40.747961,40.757229,-74.00031,-73.993636
2011-04-05 11:29:00.00000085,12.9,1.0,2011-04-05 11:29:00 UTC,40.72777,40.759143,-73.985185,-73.98060500000001
2012-04-25 20:39:00.000000241,11.3,1.0,2012-04-25 20:39:00 UTC,40.746577,40.709365000000005,-73.993973,-74.00506
2011-01-10 16:07:00.00000049,42.5,2.0,2011-01-10 16:07:00 UTC,40.807722,40.724365,-73.795677,-73.97868299999999
2011-01-14 18:10:00.000000129,5.7,2.0,2011-01-14 18:10:00 UTC,40.74738,40.744572,-73.98637,-73.975567
2012-04-02 08:02:16.0000001,5.3,2.0,2012-04-02 08:02:16 UTC,40.77854,40.778483,-73.948001,-73.958566
2010-02-10 08:57:54.0000001,10.5,1.0,2010-02-10 08:57:54 UTC,40.766901,40.743475,-73.95410799999999,-73.984133
2011-05-31 22:21:01.0000004,7.3,,2011-05-31 22:21:01 UTC,40.76144,40.792574,-73.99400899999999,-73.972811
2011-09-26 09:32:42.0000002,4.5,1.0,2011-09-26 09:32:42 UTC,40.739986,40.736707,-73.99533100000001,-73.987655
2012-10-23 08:09:25.0000006,12.5,1.0,2012-10-23 08:09:25 UTC,40.768633,40.744372,-73.982332,-73.983343
2013-09-07 22:29:00.0000004,16.5,1.0,2013-09-07 22:29:00 UTC,40.731697,40.780347,-73.9952,-73.94977
2012-07-31 19:20:00.00000027,4.9,2.0,2012-07-31 19:20:00 UTC,40.72664,40.72722,-74.002707,-73.991825
2013-03-17 12:56:58.0000003,15.5,1.0,2013-03-17 12:56:58 UTC,40.76853,40.730008000000005,-73.985132,-74.002285
2009-06-06 01:57:52.0000002,11.3,1.0,2009-06-06 01:57:52 UTC,40.726966,40.77547,-73.98019599999999,-73.956413
2012-01-13 11:28:00.00000062,14.9,6.0,2012-01-13 11:28:00 UTC,40.782767,40.794812,-73.955268,-73.93238199999999
2012-03-16 07:58:00.00000012,30.9,100.0,2012-03-16 07:58:00 UTC,40.763977,40.773607,-73.981942,-73.870455
2012-06-18 20:57:27.0000001,6.1,1.0,2012-06-18 20:57:27 UTC,40.75238,40.743197,-73.98971999999999,-74.007553
2010-02-23 09:49:00.00000056,3.3,1.0,2010-02-23 09:49:00 UTC,40.749905,40.750907,-73.995802,-73.99454300000001
2012-01-06 07:05:08.0000002,4.1,1.0,2012-01-06 07:05:08 UTC,40.754275,40.753213,-73.991863,-73.983796
2014-07-21 14:03:00.00000087,12.0,3.0,2014-07-21 14:03:00 UTC,40.764185,40.750242,-73.973857,-73.994435
2014-08-05 11:44:33.0000001,9.0,1.0,2014-08-05 11:44:33 UTC,40.754599,40.751693,-73.991485,-74.00497
2012-03-29 03:51:00.00000020,2.5,1.0,2012-03-29 03:51:00 UTC,40.720105,0.0,-73.989142,0.0
2012-06-30 13:43:00.000000130,8.9,1.0,2012-06-30 13:43:00 UTC,40.743287,40.754512,-73.98948,-73.965692
2014-01-31 04:49:53.0000001,10.5,1.0,2014-01-31 04:49:53 UTC,40.72375,40.711855,-73.97899100000001,-73.96304599999999
2010-11-16 19:40:00.00000086,5.7,1.0,2010-11-16 19:40:00 UTC,40.727492,40.719123,-74.000552,-74.005037
2012-12-15 19:11:53.0000002,7.0,,2012-12-15 19:11:53 UTC,40.718762,40.705536,-74.002462,-74.007071
2014-07-20 23:51:54.0000003,12.0,1.0,2014-07-20 23:51:54 UTC,40.768466,40.800466,-73.98499699999999,-73.944564
2010-05-24 14:24:00.00000021,49.57,1.0,2010-05-24 14:24:00 UTC,40.75674,40.64691,-73.982483,-73.789985
2011-07-24 01:14:35.0000002,8.5,2.0,2011-07-24 01:14:35 UTC,0.0,0.0,0.0,0.0
2012-08-18 18:33:00.00000053,4.5,1.0,2012-08-18 18:33:00 UTC,40.776027,40.764307,-73.947035,-73.95549799999999
2009-08-08 21:32:00.00000095,7.3,5.0,2009-08-08 21:32:00 UTC,40.762802,40.750252,-73.977897,-73.99153000000001
2010-01-08 00:28:00.00000052,5.3,1.0,2010-01-08 00:28:00 UTC,40.754723,40.739248,-73.986402,-73.998898
2010-09-19 19:28:00.000000123,6.9,5.0,2010-09-19 19:28:00 UTC,40.755712,40.734913,-73.967425,-73.983035
2012-05-16 18:14:00.000000211,9.3,1.0,2012-05-16 18:14:00 UTC,40.792648,40.769673,-73.971088,-73.968405
2013-09-03 08:08:00.00000011,9.0,1.0,2013-09-03 08:08:00 UTC,40.779967,40.78777,-73.98088,-73.95374699999999
2013-01-20 14:33:27.0000001,13.0,100.0,2013-01-20 14:33:27 UTC,40.738935,40.759953,-74.008125,-73.980522
2013-07-31 06:51:13.0000001,19.0,1.0,2013-07-31 06:51:13 UTC,40.76428,40.838664,-73.988834,-73.941405
2009-01-23 07:28:00.0000005,8.1,1.0,2009-01-23 07:28:00 UTC,40.732605,40.761862,-73.99606800000001,-73.980675
2011-02-18 13:19:49.0000003,9.3,1.0,2011-02-18 13:19:49 UTC,40.760752,40.788281,-73.97321099999999,-73.974265
2013-05-11 19:51:00.00000010,18.0,1.0,2013-05-11 19:51:00 UTC,40.721235,40.764125,-73.997845,-73.98825699999999
2014-09-13 12:17:00.000000131,12.0,1.0,2014-09-13 12:17:00 UTC,40.766897,40.776037,-73.984227,-73.96239
2009-04-21 22:59:27.0000003,7.3,1.0,2009-04-21 22:59:27 UTC,51.5,40.742916,-0.1,-73.992625
2009-09-26 15:17:20.0000003,4.9,2.0,2009-09-26 15:17:20 UTC,40.781958,40.772095,-73.95554,-73.96219599999999
2011-05-02 08:20:11.0000002,12.9,2.0,2011-05-02 08:20:11 UTC,40.76412,40.715637,-73.978602,-74.00885799999999
2015-02-14 19:00:23.0000006,4.0,1.0,2015-02-14 19:00:23 UTC,40.7761116027832,40.77407455444336,-73.96197509765625,-73.95484924316406
2012-06-24 17:33:00.0000002,11.7,1.0,2012-06-24 17:33:00 UTC,40.769857,40.746007,-73.954497,-73.98431500000001
2010-05-22 23:29:57.0000003,25.3,1.0,2010-05-22 23:29:57 UTC,40.74132,40.864267,-74.001343,-73.928619
2010-06-30 02:22:05.0000001,8.9,1.0,2010-06-30 02:22:05 UTC,51.5,40.720723,-0.1,-73.95672900000001
2013-04-26 02:06:00.00000097,6.0,1.0,2013-04-26 02:06:00 UTC,40.753502000000005,40.748147,-73.978778,-73.973247
2013-05-02 03:57:12.0000001,6.0,1.0,2013-05-02 03:57:12 UTC,40.716218,40.72078,-73.99578000000001,-74.009132
2011-01-23 11:44:28.0000003,6.5,1.0,2011-01-23 11:44:28 UTC,40.736906,40.724187,-74.003665,-73.997843
2012-10-14 21:06:27.0000003,7.5,1.0,2012-10-14 21:06:27 UTC,40.74948,40.732709,-73.97733000000001,-73.987669
2010-07-12 09:44:33.0000001,4.9,1.0,2010-07-12 09:44:33 UTC,40.734655,40.738918,-73.983249,-73.99127800000001
2012-01-08 19:03:15.0000002,9.7,1.0,2012-01-08 19:03:15 UTC,51.5,40.731434,-0.1,-73.98893000000001
2012-04-24 13:00:36.0000002,7.7,1.0,2012-04-24 13:00:36 UTC,40.784608,40.808145,-73.97935,-73.963933
2014-05-09 09:42:16.0000001,19.0,2.0,2014-05-09 09:42:16 UTC,40.799103,40.849863,-73.968675,-73.935898
2009-07-31 13:53:52.0000001,16.9,1.0,2009-07-31 13:53:52 UTC,40.756307,40.834464,-73.990057,-73.94960400000001
2011-06-15 18:07:00.000000186,8.9,3.0,2011-06-15 18:07:00 UTC,40.753225,40.766963,-73.99633,-73.978895
2012-08-25 01:53:42.0000005,7.5,100.0,2012-08-25 01:53:42 UTC,40.746454,0.0,-73.995892,0.0
2009-05-13 18:17:00.000000153,10.9,1.0,2009-05-13 18:17:00 UTC,40.775261,40.809689,-73.964958,-73.94966099999999
2009-10-30 18:13:00.00000021,8.1,4.0,2009-10-30 18:13:00 UTC,0.0,0.0,0.0,0.0
2010-01-17 22:07:00.00000098,5.7,,2010-01-17 22:07:00 UTC,51.5,40.76833,-0.1,-73.953277
2009-12-06 11:58:29.0000001,18.1,2.0,2009-12-06 11:58:29 UTC,40.748631,40.780512,-74.008134,-73.952349
2010-06-30 06:15:00.00000017,10.9,5.0,2010-06-30 06:15:00 UTC,40.781298,40.75014,-73.95394,-73.994423
2011-04-04 18:56:00.000000205,8.9,5.0,2011-04-04 18:56:00 UTC,51.5,40.771995,-0.1,-73.956073
2014-03-03 23:30:00.00000072,13.5,2.0,2014-03-03 23:30:00 UTC,40.78042,40.734012,-73.981627,-74.008465
2014-05-19 20:59:26.0000002,5.0,2.0,2014-05-19 20:59:26 UTC,40.739438,40.75057,-74.00269,-73.994579
2011-12-07 19:40:21.0000003,5.3,1.0,2011-12-07 19:40:21 UTC,40.781019,40.778165,-73.958749,-73.945876
2012-06-17 02:05:53.0000001,7.7,1.0,2012-06-17 02:05:53 UTC,40.721226,40.735723,-73.98779,-73.992425
2013-01-01 14:26:00.000000162,9.0,1.0,2013-01-01 14:26:00 UTC,40.79798,40.776767,-73.969465,-73.982315
2011-10-08 00:24:00.000000173,16.1,1.0,2011-10-08 00:24:00 UTC,40.732097,40.742657,-73.988568,-73.957498
2012-07-30 16:19:08.0000003,4.9,2.0,2012-07-30 16:19:08 UTC,40.794345,0.0,-73.966597,0.0
2012-09-09 10:24:15.0000002,5.5,,2012-09-09 10:24:15 UTC,40.749066,40.738264,-73.999432,-73.995077
2013-06-14 17:37:00.00000037,57.33,1.0,2013-06-14 17:37:00 UTC,40.645007,40.762515,-73.781127,-73.981802
2014-02-28 22:45:07.0000005,8.5,3.0,2014-02-28 22:45:07 UTC,40.771111,40.776811,-73.95660600000001,-73.977111
2014-06-10 14:18:29.0000001,9.5,1.0,2014-06-10 14:18:29 UTC,40.777668,40.809688,-73.981932,-73.96005799999999
2015-03-29 13:31:25.0000002,7.5,1.0,2015-03-29 13:31:25 UTC,51.5,0.0,-0.1,0.0
2009-12-14 12:33:00.00000075,6.9,1.0,2009-12-14 12:33:00 UTC,40.745747,40.745747,-73.98243199999999,-73.98243199999999
2013-09-21 02:54:00.000000103,7.5,2.0,2013-09-21 02:54:00 UTC,40.74499,40.729637,-73.99199499999999,-73.986237
2009-08-31 10:25:00.00000064,8.1,100.0,2009-08-31 10:25:00 UTC,40.777013,40.760155,-73.988988,-73.997445
2011-01-18 23:48:00.00000070,6.1,3.0,2011-01-18 23:48:00 UTC,40.738927,40.717907,-74.006642,-74.010828
2012-06-26 13:08:14.0000001,5.7,1.0,2012-06-26 13:08:14 UTC,40.759278,40.755462,-73.966612,-73.975773
2010-01-21 08:39:00.000000187,14.1,1.0,2010-01-21 08:39:00 UTC,40.738572,40.775352000000005,-73.987365,-73.97721800000001
2011-07-21 15:43:00.000000117,5.7,1.0,2011-07-21 15:43:00 UTC,40.74123,40.726492,-73.989807,-73.99391700000001
2013-11-06 11:26:54.0000002,7.0,1.0,2013-11-06 11:26:54 UTC,40.781061,40.768604,-73.95906,-73.96206
2014-02-09 02:17:00.00000056,12.0,1.0,2014-02-09 02:17:00 UTC,40.72212,40.751952,-73.985652,-73.970955
2015-04-18 08:29:08.0000002,11.5,1.0,2015-04-18 08:29:08 UTC,40.76898956298828,40.74843978881836,-73.95511627197266,-73.98423767089844
2010-03-27 22:20:51.0000004,12.1,1.0,2010-03-27 22:20:51 UTC,40.773703000000005,0.0,-73.870936,0.0
2010-06-15 13:31:08.0000002,26.67,1.0,2010-06-15 13:31:08 UTC,40.760414,40.768181,-73.958063,-73.86144300000001
2011-04-04 20:59:01.0000007,10.1,1.0,2011-04-04 20:59:01 UTC,40.742882,40.763551,-73.98455600000001,-73.95908100000001
2011-05-08 10:43:27.0000001,7.7,1.0,2011-05-08 10:43:27 UTC,40.781874,40.756597,-73.98101899999999,-73.98199699999999
2014-07-11 05:07:00.0000007,25.0,2.0,2014-07-11 05:07:00 UTC,40.772657,40.721405,-73.95166,-74.010583
2014-08-21 10:21:17.0000003,19.0,1.0,2014-08-21 10:21:17 UTC,40.762828000000006,40.726467,-73.97402,-73.940839
2013-10-31 11:49:16.0000002,14.0,1.0,2013-10-31 11:49:16 UTC,40.753364000000005,40.723218,-73.98859399999999,-73.989319
2013-11-15 01:51:35.0000002,5.0,1.0,2013-11-15 01:51:35 UTC,40.721048,40.731187,-73.987888,-73.983132
2015-05-10 22:41:10.0000001,43.5,1.0,2015-05-10 22:41:10 UTC,40.78373336791992,40.64415740966797,-73.98020935058595,-74.01134490966798
2015-06-20 09:50:28.0000002,8.0,1.0,2015-06-20 09:50:28 UTC,40.71009063720703,40.722900390625,-74.01072692871094,-73.99810028076173
2009-03-13 17:43:18.0000003,8.7,4.0,2009-03-13 17:43:18 UTC,40.754546000000005,40.779093,-73.97798399999999,-73.958947
2011-01-27 21:30:00.000000213,3.7,1.0,2011-01-27 21:30:00 UTC,40.755915,40.760517,-73.970892,-73.966747
2011-11-24 01:58:25.0000001,20.5,1.0,2011-11-24 01:58:25 UTC,40.758641,40.855636,-73.965723,-73.93782399999999
2015-06-02 23:16:15.00000012,34.0,0.0,2015-06-02 23:16:15 UTC,40.75109481811523,40.88187789916992,-73.97489929199219,-73.9085464477539
2015-03-19 12:38:17.0000001,52.83,1.0,2015-03-19 12:38:17 UTC,40.77408599853516,40.7714958190918,-73.87305450439453,-73.98272705078125
2009-07-16 22:38:00.000000205,6.1,1.0,2009-07-16 22:38:00 UTC,40.76707,40.783568,-73.978945,-73.977897
2013-06-22 13:48:00.000000188,8.5,1.0,2013-06-22 13:48:00 UTC,40.759192,40.74981,-73.976877,-73.991685
2014-03-10 19:50:51.0000001,20.0,1.0,2014-03-10 19:50:51 UTC,40.790756,40.788483,-73.89317700000001,-73.892578
2010-05-28 08:18:34.0000004,10.5,,2010-05-28 08:18:34 UTC,40.7383,40.775237,-73.985881,-73.96499
2012-03-10 22:53:25.0000003,26.5,,2012-03-10 22:53:25 UTC,40.645265,40.709035,-73.776747,-73.81380300000001
2015-06-01 21:41:06.0000002,8.0,4.0,2015-06-01 21:41:06 UTC,40.759578704833984,40.772605895996094,-73.96178436279298,-73.97894287109375
2009-01-26 00:44:42.0000001,10.6,1.0,2009-01-26 00:44:42 UTC,40.690409,40.709063,-73.994279,-74.016739
2010-09-21 07:06:31.0000002,4.5,1.0,2010-09-21 07:06:31 UTC,40.759256,40.752373,-73.965372,-73.97487
2011-03-09 22:21:25.0000001,9.7,1.0,2011-03-09 22:21:25 UTC,40.788979,40.760508,-73.977829,-73.967935
2011-12-05 08:38:34.0000005,20.5,1.0,2011-12-05 08:38:34 UTC,40.766432,40.704591,-73.96861899999999,-74.00855899999999
2012-01-06 10:57:10.0000005,9.3,1.0,2012-01-06 10:57:10 UTC,40.731822,40.760162,-73.982229,-73.980239
2014-05-25 21:09:00.00000070,18.5,1.0,2014-05-25 21:09:00 UTC,40.707002,40.750742,-74.005385,-73.992793
2014-04-27 21:56:45.0000002,5.0,2.0,2014-04-27 21:56:45 UTC,40.762738,40.764564,-73.98275100000001,-73.97835400000001
2009-08-03 08:19:45.0000002,34.0,1.0,2009-08-03 08:19:45 UTC,51.5,40.765446,-0.1,-73.97582
2012-11-08 20:07:35.0000002,23.5,100.0,2012-11-08 20:07:35 UTC,40.75497,40.780157,-73.992028,-73.912663
2009-12-11 15:57:17.0000004,4.5,3.0,2009-12-11 15:57:17 UTC,40.774585,40.779419,-73.980909,-73.98136
2013-12-07 13:25:00.00000032,8.0,1.0,2013-12-07 13:25:00 UTC,40.742177000000005,40.726917,-73.985217,-73.99998000000001
2010-02-27 20:13:00.000000225,26.5,5.0,2010-02-27 20:13:00 UTC,40.766177,40.766937,-73.977765,-73.977982
2014-12-24 11:23:00.000000148,5.5,2.0,2014-12-24 11:23:00 UTC,51.5,40.733577,-0.1,-74.007312
2009-03-23 20:24:00.0000005,6.1,,2009-03-23 20:24:00 UTC,40.757852,40.749963,-73.98795,-73.988227
2010-03-23 17:43:00.00000012,4.9,4.0,2010-03-23 17:43:00 UTC,40.764695,40.765392,-73.970442,-73.961907
2010-01-26 14:55:00.00000079,5.3,1.0,2010-01-26 14:55:00 UTC,40.752002000000005,40.76483,-73.993085,-73.980337
2011-07-05 14:23:00.00000034,8.1,1.0,2011-07-05 14:23:00 UTC,40.742158,40.72673,-73.99096999999999,-73.977728
2013-04-01 00:04:15.0000002,20.33,1.0,2013-04-01 00:04:15 UTC,40.750306,40.728566,-73.994718,-73.95051099999999
2013-06-28 20:24:00.000000224,4.5,1.0,2013-06-28 20:24:00 UTC,40.768865000000005,40.776472,-73.955282,-73.949683
2014-05-12 12:11:28.0000001,7.0,1.0,2014-05-12 12:11:28 UTC,40.760515000000005,40.741973,-74.002792,-74.00441500000001
2010-06-09 14:53:47.0000001,33.07,2.0,2010-06-09 14:53:47 UTC,40.769064,40.752842,-73.862764,-73.984033
2011-05-04 13:44:00.000000132,36.5,100.0,2099-01-01 00:00:00 UTC,40.774183,40.762062,-73.873068,-73.978847
2014-01-01 05:22:00.00000048,5.0,2.0,2014-01-01 05:22:00 UTC,40.72039,40.723040000000005,-73.99436,-73.98577
2014-06-25 17:43:16.0000003,23.5,1.0,2014-06-25 17:43:16 UTC,40.775615,40.737611,-73.958585,-74.00048000000001
2012-05-09 15:26:00.00000039,6.1,1.0,2012-05-09 15:26:00 UTC,40.786315,40.774133,-73.97985,-73.985068
2013-01-12 18:10:00.000000156,11.0,1.0,2013-01-12 18:10:00 UTC,51.5,40.763175,-0.1,-73.980035
2014-09-05 15:23:00.000000124,6.0,6.0,2014-09-05 15:23:00 UTC,40.76514,40.774882,-73.96826,-73.961115
2009-09-20 11:32:00.0000008,11.3,5.0,2009-09-20 11:32:00 UTC,40.790142,40.751278000000006,-73.975868,-74.006695
2009-11-15 19:58:00.000000125,8.1,1.0,2009-11-15 19:58:00 UTC,40.75103,40.764718,-73.990397,-73.981137
2010-03-28 22:32:44.0000003,8.9,3.0,2010-03-28 22:32:44 UTC,51.5,40.749159000000006,-0.1,-73.974662
2011-02-19 22:25:00.00000046,4.5,1.0,2011-02-19 22:25:00 UTC,40.68295,40.676842,-73.99784,-73.980198
2013-01-31 19:38:05.0000006,11.0,1.0,2013-01-31 19:38:05 UTC,40.764745,40.745978,-73.978836,-73.984774
2013-06-18 10:27:05.0000005,8.5,1.0,2013-06-18 10:27:05 UTC,40.764203,40.762695,-73.992108,-73.973
2013-07-04 16:41:27.0000002,8.5,1.0,2013-07-04 16:41:27 UTC,0.0,0.0,0.0,0.0
2010-01-15 11:11:07.0000002,8.1,1.0,2010-01-15 11:11:07 UTC,40.78712,40.783588,-73.978916,-73.957307
2010-09-19 15:17:00.00000045,6.9,1.0,2099-01-01 00:00:00 UTC,40.738123,40.73617,-73.996268,-73.98238
2013-11-19 22:09:00.000000268,6.0,1.0,2013-11-19 22:09:00 UTC,40.761332,40.768002,-73.971462,-73.980797
2009-04-27 20:28:39.0000005,5.3,,2009-04-27 20:28:39 UTC,40.760223,40.750591,-73.988927,-73.991474
2012-11-10 00:30:53.0000003,9.5,2.0,2012-11-10 00:30:53 UTC,40.748921,40.764391,-73.995776,-73.96882099999999
2013-12-18 09:15:00.000000217,11.5,1.0,2013-12-18 09:15:00 UTC,40.766107,40.750522,-73.97941,-74.003015
2015-03-14 09:23:41.0000003,17.0,6.0,2015-03-14 09:23:41 UTC,40.705242156982415,40.74221420288085,-74.01294708251955,-73.98070526123048
2009-07-30 14:44:00.000000235,5.3,1.0,2009-07-30 14:44:00 UTC,40.778607,40.788625,-73.978002,-73.970662
2013-06-11 16:27:57.0000002,10.0,1.0,2013-06-11 16:27:57 UTC,40.743785,40.767137,-73.99588299999999,-73.990057
2014-12-08 01:00:16.0000001,15.5,1.0,2014-12-08 01:00:16 UTC,40.717887,40.686397,-73.957675,-73.942583
2010-06-11 17:41:38.0000001,6.9,1.0,2099-01-01 00:00:00 UTC,40.762991,40.779518,-73.977757,-73.983801
2011-05-01 12:48:32.0000003,18.1,1.0,2011-05-01 12:48:32 UTC,40.761807,40.704133,-73.986592,-74.01065899999999
2015-05-21 09:23:05.0000001,15.5,1.0,2015-05-21 09:23:05 UTC,40.75117874145508,40.7564582824707,-73.9941177368164,-73.97511291503906
2012-02-03 01:55:19.0000003,10.1,1.0,2012-02-03 01:55:19 UTC,40.722411,40.755644,-73.982334,-73.964907
2013-03-22 19:20:00.00000061,21.5,6.0,2013-03-22 19:20:00 UTC,40.773077,40.71711,-73.955235,-74.00795500000001
2014-10-04 20:10:00.00000043,8.5,1.0,2014-10-04 20:10:00 UTC,40.76668,40.75705,-73.99413,-73.98861
2012-08-12 16:22:52.0000001,7.3,1.0,2012-08-12 16:22:52 UTC,40.73405,40.724842,-73.988883,-73.992385
2014-05-29 05:57:22.0000001,2.5,1.0,2014-05-29 05:57:22 UTC,0.0,0.0,0.0,0.0
2014-09-16 15:12:19.0000006,8.5,1.0,2014-09-16 15:12:19 UTC,40.773086,40.779994,-73.958118,-73.94694100000001
2010-07-25 09:56:00.00000054,6.1,5.0,2099-01-01 00:00:00 UTC,40.75779,40.769923,-73.970447,-73.969687
2012-02-25 19:43:00.00000075,14.1,1.0,2012-02-25 19:43:00 UTC,40.764483,40.722037,-73.98109699999999,-73.99185
2013-12-30 15:16:17.0000003,6.0,,2013-12-30 15:16:17 UTC,40.762693,40.755547,-73.9742,-73.979824
2014-12-05 13:59:54.0000002,8.5,1.0,2014-12-05 13:59:54 UTC,40.783588,40.777533,-73.958823,-73.978697
2015-05-04 09:36:13.0000002,8.0,1.0,2015-05-04 09:36:13 UTC,40.72850036621094,40.72747802734375,-73.98793029785155,-74.00728607177734
2012-04-25 16:19:00.000000106,5.3,1.0,2012-04-25 16:19:00 UTC,40.75925,40.77216,-73.971913,-73.962905
2015-02-20 07:12:52.0000008,5.5,1.0,2015-02-20 07:12:52 UTC,40.75881576538085,40.74894332885742,-73.97077941894531,-73.97015380859375
2009-08-21 19:35:05.0000001,8.1,1.0,2009-08-21 19:35:05 UTC,40.761557,0.0,-73.960853,0.0
2012-11-15 08:39:00.00000095,13.0,100.0,2012-11-15 08:39:00 UTC,0.0,0.0,0.0,0.0
2014-04-29 09:51:15.0000007,8.5,1.0,2014-04-29 09:51:15 UTC,40.765585,40.758698,-73.99476,-73.996026
2010-12-26 11:50:32.0000002,12.9,1.0,2010-12-26 11:50:32 UTC,40.765201,40.728,-73.975224,-73.998754
2014-02-01 21:06:00.00000094,10.0,5.0,2099-01-01 00:00:00 UTC,40.777667,40.721555,-73.979022,-73.992172
2014-07-08 20:16:00.000000155,8.5,6.0,2014-07-08 20:16:00 UTC,40.745687,40.728733,-74.00554699999999,-74.011247
2010-04-15 18:13:00.00000097,4.9,1.0,2010-04-15 18:13:00 UTC,40.773395,40.776093,-73.954665,-73.94686
2012-09-26 13:14:47.0000003,6.0,1.0,2012-09-26 13:14:47 UTC,40.764431,0.0,-73.964483,0.0
2014-01-10 08:16:07.0000002,5.0,1.0,2014-01-10 08:16:07 UTC,40.772705,0.0,-73.98214,0.0
2014-03-12 18:12:44.0000006,12.0,1.0,2014-03-12 18:12:44 UTC,40.736318,40.736318,-73.844904,-73.844904
2013-03-02 15:47:27.0000005,13.5,1.0,2013-03-02 15:47:27 UTC,40.753748,40.741922,-73.98265,-74.00793
2009-09-02 05:18:10.0000001,25.7,100.0,2009-09-02 05:18:10 UTC,40.760501,40.767619,-73.991729,-73.861246
2010-05-21 08:35:00.0000004,13.7,3.0,2010-05-21 08:35:00 UTC,40.739535,40.768797,-73.99212800000001,-73.95814
2011-10-16 22:37:25.0000001,10.5,1.0,2011-10-16 22:37:25 UTC,40.719963,40.754212,-73.997265,-73.994268
2012-03-07 11:26:12.0000008,5.7,1.0,2012-03-07 11:26:12 UTC,40.766331,40.774757,-73.95387099999999,-73.96246500000001
2013-08-24 17:07:00.00000090,9.0,2.0,2013-08-24 17:07:00 UTC,51.5,40.75786,-0.1,-73.978277
2014-02-06 11:17:00.00000070,22.5,1.0,2014-02-06 11:17:00 UTC,40.782635,40.719425,-73.98071,-74.00204000000001
2014-02-06 11:17:00.00000089,7.5,1.0,2014-02-06 11:17:00 UTC,40.769887,40.77936,-73.954463,-73.96162700000001
2011-04-20 18:51:56.0000004,14.1,1.0,2011-04-20 18:51:56 UTC,40.724066,40.762877,-73.992131,-73.98057
2012-05-03 21:28:00.000000148,9.3,1.0,2099-01-01 00:00:00 UTC,40.759308,40.761322,-73.97210799999999,-73.999263
2014-02-22 18:41:34.0000001,4.0,1.0,2014-02-22 18:41:34 UTC,40.757343,40.760604,-73.99036600000001,-73.985373
2014-10-03 16:31:00.00000065,5.5,1.0,2014-10-03 16:31:00 UTC,40.725887,40.735277,-73.99223,-73.993782
2009-05-18 12:30:00.00000071,9.3,1.0,2009-05-18 12:30:00 UTC,40.74727,40.762933,-73.975782,-73.96611
2010-06-26 09:59:00.00000052,7.3,2.0,2010-06-26 09:59:00 UTC,40.743547,40.756862,-73.999627,-73.98926999999999
2013-06-20 12:36:08.0000001,4.5,1.0,2013-06-20 12:36:08 UTC,40.770843,40.777708,-73.988446,-73.985985
2013-09-12 11:32:00.00000059,13.0,1.0,2013-09-12 11:32:00 UTC,40.772705,40.771777,-73.98206,-73.956213
2010-04-10 16:56:00.000000115,5.7,2.0,2010-04-10 16:56:00 UTC,40.767587,40.75827,-73.966422,-73.973363
2014-11-15 13:12:56.0000004,8.0,1.0,2014-11-15 13:12:56 UTC,40.749044,40.761185,-74.005382,-73.99412
2011-10-16 11:37:46.0000007,9.3,100.0,2011-10-16 11:37:46 UTC,51.5,40.7624,-0.1,-73.9683
2011-10-21 08:18:49.0000002,8.5,2.0,2011-10-21 08:18:49 UTC,40.73118,40.70805,-73.990387,-74.0021
2012-03-24 22:13:00.00000074,8.1,1.0,2012-03-24 22:13:00 UTC,40.740232,40.718407,-73.990138,-73.99523
2013-12-09 09:16:00.00000083,5.0,5.0,2013-12-09 09:16:00 UTC,40.74487,40.749577,-73.98061700000001,-73.98711
2009-01-16 05:58:00.00000031,5.3,5.0,2009-01-16 05:58:00 UTC,40.755538,40.755995,-73.99201,-73.99795999999999
2010-04-21 13:39:00.000000112,5.3,1.0,2099-01-01 00:00:00 UTC,40.722913,40.729572,-73.988323,-74.002315
2011-07-01 08:24:00.000000121,6.9,2.0,2011-07-01 08:24:00 UTC,40.771032,40.748062,-73.982628,-73.984127
2014-10-21 07:04:06.0000003,8.5,1.0,2014-10-21 07:04:06 UTC,40.78258,40.787675,-73.948403,-73.968905
2012-07-02 08:43:33.0000003,6.5,1.0,2012-07-02 08:43:33 UTC,40.756147,40.775509,-73.975256,-73.960543
2012-09-15 02:17:00.00000075,29.0,1.0,2012-09-15 02:17:00 UTC,40.733577,40.723342,-74.00324,-73.94855
2014-01-29 22:41:00.000000131,21.0,6.0,2014-01-29 22:41:00 UTC,40.766717,40.711052,-73.978553,-74.016195
2009-01-02 10:13:46.0000001,14.5,2.0,2009-01-02 10:13:46 UTC,40.780107,40.751587,-73.94704300000001,-73.989034
2009-09-12 10:56:00.000000121,32.9,1.0,2009-09-12 10:56:00 UTC,40.769003000000005,40.774533,-73.982762,-73.87262
2013-11-07 10:19:35.0000001,13.0,,2013-11-07 10:19:35 UTC,40.777477000000005,40.754369,-73.985802,-73.987414
2014-07-11 12:24:43.0000004,15.0,1.0,2014-07-11 12:24:43 UTC,40.751005,40.759188,-73.9942,-73.97559
2010-02-03 14:33:29.0000001,4.9,1.0,2010-02-03 14:33:29 UTC,40.759129,40.765747,-73.968848,-73.976118
2010-11-11 21:18:00.00000079,8.9,5.0,2010-11-11 21:18:00 UTC,40.760252,40.740567,-73.981872,-74.00223199999999
2012-04-05 20:19:03.0000001,8.1,1.0,2012-04-05 20:19:03 UTC,51.5,40.720116,-0.1,-74.010699
2013-04-30 16:25:36.0000001,6.0,,2013-04-30 16:25:36 UTC,51.5,40.765857,-0.1,-73.980971
2014-05-12 23:31:00.00000042,57.33,,2014-05-12 23:31:00 UTC,40.643705,40.734542,-73.79025,-74.00227
2014-05-20 13:15:00.000000187,8.0,1.0,2014-05-20 13:15:00 UTC,40.793455,40.778272,-73.974292,-73.978205
2009-11-28 17:12:00.00000014,8.5,1.0,2009-11-28 17:12:00 UTC,40.780397,40.798193,-73.959937,-73.974948
2010-01-31 15:21:08.0000002,8.9,1.0,2010-01-31 15:21:08 UTC,40.75818,40.78255,-73.976061,-73.948436
2010-08-06 09:29:00.000000182,10.5,5.0,2099-01-01 00:00:00 UTC,40.769925,40.778048,-73.96500999999999,-73.968125
2010-09-08 15:14:00.000000164,10.1,2.0,2010-09-08 15:14:00 UTC,40.720153,40.769032,-74.010347,-73.99492
2011-11-15 13:07:50.0000006,49.8,,2011-11-15 13:07:50 UTC,40.761851,40.643785,-73.983851,-73.783129
2015-02-01 17:24:59.0000004,5.0,1.0,2015-02-01 17:24:59 UTC,40.74961853027344,40.74286651611328,-73.98371124267578,-73.99261474609375
2015-02-16 17:12:44.0000005,6.0,1.0,2015-02-16 17:12:44 UTC,40.76677322387695,40.77876663208008,-73.9576187133789,-73.95582580566406
2010-02-26 23:56:00.000000182,13.3,1.0,2010-02-26 23:56:00 UTC,40.756485,40.721337,-73.99771,-73.98751800000001
2015-04-09 07:20:46.0000009,7.0,1.0,2015-04-09 07:20:46 UTC,40.76491165161133,40.76810836791992,-73.9783477783203,-73.98352813720702
2012-03-28 13:09:20.0000003,10.5,2.0,2012-03-28 13:09:20 UTC,40.73322,40.759156,-73.99973299999999,-73.985659
2012-12-21 13:10:00.00000064,56.8,1.0,2012-12-21 13:10:00 UTC,40.761517,40.642677,-73.978817,-73.78925500000001
2013-12-04 18:13:00.000000173,14.5,1.0,2013-12-04 18:13:00 UTC,40.748432,40.722695,-73.984045,-74.00975799999999
2010-11-25 22:54:00.00000017,11.3,2.0,2010-11-25 22:54:00 UTC,40.725823,40.725048,-74.005448,-74.005942
2011-01-14 17:22:12.0000004,6.5,1.0,2011-01-14 17:22:12 UTC,40.751642,40.748303,-73.970799,-73.980333
2011-06-02 14:04:00.000000194,5.7,1.0,2011-06-02 14:04:00 UTC,40.731902000000005,40.745213,-73.99171,-73.97907
2013-05-02 01:22:00.00000050,13.0,1.0,2013-05-02 01:22:00 UTC,40.716362,40.694847,-73.961407,-73.994242
2014-07-03 01:34:00.00000041,22.0,100.0,2014-07-03 01:34:00 UTC,51.5,40.823312,-0.1,-73.95262199999999
2011-11-10 00:09:07.0000003,18.5,1.0,2011-11-10 00:09:07 UTC,40.744531,40.778086,-73.980992,-73.94847800000001
2012-06-17 18:08:12.0000005,14.1,2.0,2012-06-17 18:08:12 UTC,40.776963,40.751271,-73.957312,-73.990408
2010-01-09 21:28:55.0000003,4.5,2.0,2010-01-09 21:28:55 UTC,40.782491,40.774978,-73.952804,-73.961038
2014-07-20 11:49:33.0000003,24.0,1.0,2014-07-20 11:49:33 UTC,51.5,40.711603,-0.1,-73.967098
2010-01-16 13:58:13.0000003,25.7,1.0,2010-01-16 13:58:13 UTC,40.726656,40.813041,-73.979952,-73.951914
2011-08-30 10:09:03.0000004,3.3,1.0,2011-08-30 10:09:03 UTC,40.741128,40.739392,-73.998082,-73.993909
2012-03-26 05:47:15.0000001,8.5,1.0,2012-03-26 05:47:15 UTC,40.779059,40.755313,-73.954353,-73.985525
2010-07-31 22:00:38.0000003,5.3,1.0,2010-07-31 22:00:38 UTC,40.732796,40.719227,-74.003192,-73.999881
2011-06-12 01:48:00.000000195,4.5,1.0,2011-06-12 01:48:00 UTC,40.742135,0.0,-73.982442,0.0
2009-01-11 22:50:00.00000046,3.7,2.0,2009-01-11 22:50:00 UTC,51.5,40.74125,-0.1,-73.98135500000001
2011-07-26 11:56:41.0000005,8.1,1.0,2011-07-26 11:56:41 UTC,40.775044,40.762807,-73.976809,-73.96797600000001
2010-08-03 14:58:00.000000183,16.1,100.0,2010-08-03 14:58:00 UTC,40.716322,40.658428,-74.00461,-74.003732
2011-05-22 00:30:32.0000002,12.9,1.0,2011-05-22 00:30:32 UTC,40.781009000000005,40.738272,-73.97974599999999,-73.980523
2011-08-20 13:40:33.0000002,8.1,2.0,2011-08-20 13:40:33 UTC,40.726381,40.714365,-73.989393,-73.997417
2013-03-14 11:13:00.000000175,9.5,,2013-03-14 11:13:00 UTC,40.781995,40.764742,-73.957788,-73.96262
2014-09-02 00:02:00.00000046,23.5,2.0,2014-09-02 00:02:00 UTC,40.702737,40.77846,-73.94414499999999,-73.913985
2009-02-22 22:48:00.000000130,2.5,2.0,2009-02-22 22:48:00 UTC,0.0,40.726685,0.0,-74.005433
2009-03-28 20:05:13.0000002,11.0,1.0,2009-03-28 20:05:13 UTC,40.768717,40.739968,-73.95822,-73.98931400000001
2011-10-10 18:31:34.0000002,6.1,2.0,2011-10-10 18:31:34 UTC,40.761632,40.754548,-73.984847,-73.965846
2014-07-13 11:15:00.000000127,28.0,1.0,2014-07-13 11:15:00 UTC,40.773787,40.755425,-73.87093,-73.966003
2014-07-23 08:42:00.000000175,10.0,1.0,2014-07-23 08:42:00 UTC,40.751162,40.752827,-73.99276,-73.98098
2009-04-03 11:58:00.00000017,10.1,1.0,2009-04-03 11:58:00 UTC,40.737872,40.757525,-73.987997,-73.98858299999999
2011-04-30 04:15:00.00000035,7.7,5.0,2011-04-30 04:15:00 UTC,40.739743,40.758598,-73.982377,-73.959688
2014-03-26 22:46:23.0000004,8.0,1.0,2014-03-26 22:46:23 UTC,40.760885,40.750376,-73.976248,-73.991236
2009-07-16 18:04:00.000000157,6.1,100.0,2009-07-16 18:04:00 UTC,40.766765,40.7649,-73.95343199999999,-73.968447
2012-09-13 11:31:00.000000131,20.5,1.0,2012-09-13 11:31:00 UTC,40.751527,40.787725,-73.98646,-73.95373199999999
2013-11-19 10:38:00.00000061,9.5,1.0,2013-11-19 10:38:00 UTC,40.744075,40.726062,-74.003197,-74.00067
2014-02-14 05:55:36.0000001,7.0,1.0,2014-02-14 05:55:36 UTC,40.763626,40.759813,-73.95893000000001,-73.973753
2011-07-13 07:32:00.000000136,8.5,1.0,2011-07-13 07:32:00 UTC,40.738957,40.707322,-73.98732,-74.004458
2014-05-30 21:44:34.0000001,7.5,2.0,2014-05-30 21:44:34 UTC,40.792641,40.782037,-73.964127,-73.979984
2015-06-22 19:04:41.0000003,11.5,1.0,2015-06-22 19:04:41 UTC,40.76170349121094,40.78707885742188,-73.95744323730467,-73.97323608398438
2010-04-29 08:27:00.000000108,7.7,1.0,2010-04-29 08:27:00 UTC,40.735472,0.0,-73.998418,0.0
2011-12-14 20:47:00.000000137,6.1,2.0,2011-12-14 20:47:00 UTC,40.745775,40.73007,-73.978192,-73.975422
2012-09-02 23:09:00.00000016,38.5,2.0,2012-09-02 23:09:00 UTC,40.746538,40.689473,-73.977473,-73.851405
2015-05-28 11:56:51.0000002,11.5,2.0,2015-05-28 11:56:51 UTC,40.76792144775391,40.795188903808594,-73.9819564819336,-73.97608947753906
2012-09-24 23:07:15.0000002,6.0,1.0,2012-09-24 23:07:15 UTC,40.779513,40.796703,-73.980914,-73.970524
2013-05-02 18:59:25.0000002,17.0,1.0,2013-05-02 18:59:25 UTC,40.712852000000005,40.729531,-74.016361,-73.984364
2014-08-15 21:24:00.000000218,7.5,1.0,2014-08-15 21:24:00 UTC,40.739202,40.740582,-73.988477,-74.001812
2015-05-16 11:33:57.0000004,5.5,,2015-05-16 11:33:57 UTC,40.78464126586913,40.796119689941406,-73.97361755371094,-73.97045135498048
2011-03-20 17:25:00.000000108,6.9,1.0,2011-03-20 17:25:00 UTC,40.752025,40.756685,-73.979605,-73.993742
2013-02-15 12:13:00.000000185,3.0,,2013-02-15 12:13:00 UTC,40.735362,40.73681,-73.994313,-73.997212
2014-03-03 19:03:42.0000005,12.5,1.0,2014-03-03 19:03:42 UTC,40.734511,40.760929,-73.99888100000001,-73.97134100000001
2009-03-16 04:47:17.0000001,17.0,1.0,2009-03-16 04:47:17 UTC,0.0,0.0,0.0,0.0
2012-11-30 11:02:00.000000111,38.8,1.0,2012-11-30 11:02:00 UTC,40.756922,40.767872,-73.97462,-73.864002
2013-03-10 04:12:00.00000063,6.0,1.0,2013-03-10 04:12:00 UTC,40.71857,40.726592,-74.000405,-74.00004
2014-08-01 01:59:00.00000027,14.5,1.0,2014-08-01 01:59:00 UTC,40.778957,40.72782,-73.97756700000001,-73.991272
2009-04-10 17:32:00.000000186,4.1,1.0,2009-04-10 17:32:00 UTC,40.735152,40.732207,-73.993962,-74.00358
2010-08-21 14:22:57.0000001,13.3,2.0,2010-08-21 14:22:57 UTC,40.717735,40.766952,-74.005752,-73.962639
2012-12-08 23:27:00.000000232,6.0,,2012-12-08 23:27:00 UTC,40.738745,40.752022,-74.003502,-73.993317
2013-01-16 16:40:00.000000144,6.5,1.0,2013-01-16 16:40:00 UTC,40.738262,40.74594,-73.987437,-73.975865
2013-03-25 11:32:32.0000001,12.5,1.0,2013-03-25 11:32:32 UTC,40.716519,40.752308,-74.00654499999999,-73.993427
2014-05-09 12:55:00.00000069,21.5,1.0,2014-05-09 12:55:00 UTC,40.77121,40.729157,-73.965747,-74.005188
2010-10-23 18:39:00.000000208,49.57,2.0,2010-10-23 18:39:00 UTC,40.644272,40.64427,-73.78221500000001,-73.782217
2010-11-13 04:38:00.0000002,38.1,1.0,2010-11-13 04:38:00 UTC,40.725875,40.859275,-74.00761,-73.867393
2011-07-10 02:08:08.0000002,10.1,1.0,2011-07-10 02:08:08 UTC,40.725563,40.717069,-73.993027,-73.958591
2010-04-28 18:58:00.00000038,4.5,1.0,2010-04-28 18:58:00 UTC,40.76209,40.761098,-73.966902,-73.972658
2013-10-31 23:44:00.00000045,8.0,1.0,2013-10-31 23:44:00 UTC,40.719012,40.706832,-74.00497800000001,-74.006807
2009-07-30 21:24:21.0000004,7.7,1.0,2099-01-01 00:00:00 UTC,40.738662,40.727603,-73.99955600000001,-73.97940899999999
2012-10-01 09:02:00.000000122,7.5,2.0,2012-10-01 09:02:00 UTC,40.76152,40.796662,-73.986717,-73.968675
2009-03-01 18:37:49.0000001,7.7,1.0,2009-03-01 18:37:49 UTC,40.724238,40.710869,-73.99763100000001,-74.009196
2014-07-12 13:17:34.0000001,5.5,1.0,2014-07-12 13:17:34 UTC,40.763962,40.757489,-73.976995,-73.978033
2015-06-13 07:19:10.0000003,6.5,1.0,2015-06-13 07:19:10 UTC,40.74060821533203,40.74890899658203,-73.98194122314453,-73.99118041992188
2013-08-06 23:24:46.0000004,4.5,1.0,2013-08-06 23:24:46 UTC,40.729132,40.725226,-73.99758,-73.991998
2013-09-24 18:23:52.0000004,7.0,1.0,2013-09-24 18:23:52 UTC,40.774462,40.783008,-73.945542,-73.957452
2014-02-19 12:48:00.00000053,17.5,1.0,2014-02-19 12:48:00 UTC,40.76281,40.7493,-73.96175699999999,-73.999328
2011-02-13 14:48:57.0000003,4.9,2.0,2011-02-13 14:48:57 UTC,40.759943,40.764252,-73.96498000000001,-73.971154
2013-06-01 12:53:00.000000204,6.0,1.0,2013-06-01 12:53:00 UTC,40.808232,40.793455,-73.96396700000001,-73.972693
2010-03-11 20:59:00.000000110,4.5,5.0,2010-03-11 20:59:00 UTC,40.762935,40.757643,-73.99303,-73.99059
2014-09-22 11:58:00.000000109,10.5,1.0,2014-09-22 11:58:00 UTC,40.784842,40.775662,-73.97248,-73.954747
2010-02-17 22:51:00.000000188,8.9,1.0,2010-02-17 22:51:00 UTC,40.741247,40.705187,-74.005798,-74.01719
2010-02-28 16:56:00.00000022,6.1,5.0,2010-02-28 16:56:00 UTC,40.737772,40.714795,-74.00186,-74.009763
2010-08-07 13:46:00.000000124,14.5,1.0,2099-01-01 00:00:00 UTC,40.73961,40.779637,-74.002285,-73.95275699999999
2010-10-23 12:11:31.0000004,6.1,100.0,2010-10-23 12:11:31 UTC,40.74735,40.742636,-73.993656,-73.982864
2012-03-15 23:48:00.00000016,5.7,1.0,2099-01-01 00:00:00 UTC,40.764005,40.775967,-73.954327,-73.95615500000001
2013-01-13 13:38:00.000000119,8.0,5.0,2013-01-13 13:38:00 UTC,40.74729,40.735408,-73.98964699999999,-73.985648
2013-05-25 15:46:29.0000001,5.5,1.0,2013-05-25 15:46:29 UTC,40.798379,40.78278,-73.963307,-73.97504
2014-09-10 12:09:01.0000002,52.0,1.0,2014-09-10 12:09:01 UTC,40.749696,0.0,-73.985722,0.0
2011-04-18 11:58:00.00000010,49.8,2.0,2011-04-18 11:58:00 UTC,40.793295,40.64395,-73.972822,-73.782862
2012-04-22 17:10:00.00000013,49.8,1.0,2012-04-22 17:10:00 UTC,40.74158,40.742962,-73.95403,-73.995527
2013-10-29 01:09:14.0000002,16.0,1.0,2013-10-29 01:09:14 UTC,0.0,0.0,0.0,0.0
2014-07-07 13:52:00.000000120,16.5,1.0,2014-07-07 13:52:00 UTC,40.759952,40.723662,-73.979962,-73.99467
2009-12-29 14:23:00.000000158,4.5,1.0,2009-12-29 14:23:00 UTC,0.0,0.0,0.0,0.0
2010-04-16 17:02:00.000000194,11.3,5.0,2010-04-16 17:02:00 UTC,40.78123,40.758375,-73.972412,-73.989187
2012-11-10 12:37:00.00000099,10.0,2.0,2099-01-01 00:00:00 UTC,40.779932,40.765642,-73.947073,-73.96799
2012-11-11 03:12:00.000000108,16.5,1.0,2012-11-11 03:12:00 UTC,40.743057,40.778277,-74.003815,-73.948877
2009-09-13 12:47:43.0000004,8.9,,2009-09-13 12:47:43 UTC,40.725517,40.751634,-73.996439,-73.976375
2011-02-22 13:35:00.000000121,6.9,1.0,2011-02-22 13:35:00 UTC,40.763382,40.783715,-73.971638,-73.953767
2013-01-22 23:26:29.0000004,5.0,1.0,2013-01-22 23:26:29 UTC,40.766861,40.765184000000005,-73.921155,-73.91318100000001
2014-06-01 02:24:00.00000079,4.0,1.0,2014-06-01 02:24:00 UTC,40.714875,0.0,-73.99199200000001,0.0
2009-03-18 09:02:00.00000035,5.7,1.0,2099-01-01 00:00:00 UTC,40.748835,40.754223,-73.977655,-73.991915
2011-04-22 09:02:09.0000004,2.9,1.0,2011-04-22 09:02:09 UTC,40.772788,40.774752,-73.964774,-73.963266
2012-10-17 05:35:00.00000023,52.0,1.0,2012-10-17 05:35:00 UTC,40.646382,40.611455,-73.789985,-74.03497
2013-07-21 11:22:00.00000078,10.5,,2013-07-21 11:22:00 UTC,40.773777,40.748772,-73.959742,-73.98817700000001
2013-08-05 15:08:42.0000002,38.83,3.0,2013-08-05 15:08:42 UTC,40.764147,40.770732,-73.97881,-73.86535
2013-09-17 21:21:00.000000183,4.5,5.0,2013-09-17 21:21:00 UTC,40.747762,40.73871,-74.000125,-74.005557
2014-10-25 02:16:35.0000004,7.0,1.0,2014-10-25 02:16:35 UTC,40.724933,40.741954,-73.99231800000001,-73.981101
2010-02-03 20:51:29.0000003,12.9,1.0,2010-02-03 20:51:29 UTC,40.764029,40.766876,-73.95419100000001,-73.91804300000001
2011-03-20 21:39:21.0000002,7.3,2.0,2011-03-20 21:39:21 UTC,40.724843,40.723674,-73.978279,-74.00277
2011-04-08 23:29:49.0000002,4.9,1.0,2011-04-08 23:29:49 UTC,40.74187,40.737978000000005,-73.985125,-73.996269
2013-04-22 10:52:53.0000001,5.5,1.0,2099-01-01 00:00:00 UTC,40.737981,40.748834,-73.983752,-73.975042
2013-07-31 10:49:00.000000149,13.5,1.0,2013-07-31 10:49:00 UTC,40.757785,40.781722,-73.963305,-73.945842
2014-05-01 14:20:00.000000142,22.0,1.0,2014-05-01 14:20:00 UTC,40.704765,40.748965000000005,-74.016847,-73.975607
2014-08-05 20:46:20.0000002,11.0,1.0,2014-08-05 20:46:20 UTC,40.774149,40.764046,-73.873207,-73.920299
2009-01-29 20:49:03.0000001,5.0,100.0,2099-01-01 00:00:00 UTC,40.733265,40.727619,-73.995414,-73.99147099999999
2010-12-24 19:14:07.0000002,9.7,1.0,2010-12-24 19:14:07 UTC,40.73873,40.767205,-74.008163,-73.9903
2012-01-28 21:33:18.0000002,4.9,0.0,2012-01-28 21:33:18 UTC,40.78284,40.773673,-73.955322,-73.955797
2013-04-19 23:05:47.0000003,9.5,,2013-04-19 23:05:47 UTC,40.724284,40.746468,-74.004614,-73.977553
2014-10-08 06:49:18.0000001,6.5,1.0,2014-10-08 06:49:18 UTC,0.0,0.0,0.0,0.0
2015-06-16 14:28:22.0000004,8.5,6.0,2015-06-16 14:28:22 UTC,40.77500915527344,40.76708221435547,-73.95664978027344,-73.96678924560547
2014-06-17 22:48:00.000000194,10.5,1.0,2014-06-17 22:48:00 UTC,40.759927000000005,40.768142,-73.978015,-73.956005
2009-01-06 22:30:00.000000137,4.5,2.0,2009-01-06 22:30:00 UTC,40.73831,40.747027,-73.998965,-73.997162
2009-12-31 22:27:00.000000270,4.9,5.0,2009-12-31 22:27:00 UTC,40.722988,40.726383,-73.99695799999999,-74.00580699999999
2011-02-02 07:52:21.0000005,5.3,1.0,2011-02-02 07:52:21 UTC,40.703967,40.705742,-74.006924,-74.01299499999999
2011-02-04 18:43:06.0000002,14.1,,2011-02-04 18:43:06 UTC,40.720436,40.759837,-74.00360500000001,-73.985766
2014-06-02 08:31:14.0000001,6.5,1.0,2014-06-02 08:31:14 UTC,40.770348,40.76583,-73.966418,-73.955528
2012-02-24 18:44:00.00000085,11.7,1.0,2012-02-24 18:44:00 UTC,40.770532,40.742354,-73.95399599999999,-73.986594
2014-01-04 21:11:00.0000004,9.0,2.0,2099-01-01 00:00:00 UTC,40.752347,40.768867,-73.97764000000001,-73.970392
2009-04-08 08:52:00.000000213,10.1,1.0,2009-04-08 08:52:00 UTC,40.763542,40.732237,-73.97435300000001,-73.990128
2012-04-18 19:08:00.000000268,8.1,,2012-04-18 19:08:00 UTC,40.717538,0.0,-74.000338,0.0
2009-05-11 08:16:13.0000004,7.3,1.0,2009-05-11 08:16:13 UTC,40.786347,40.789819,-73.968412,-73.952285
2011-05-16 23:10:43.0000003,5.7,2.0,2099-01-01 00:00:00 UTC,40.763133,40.765276,-73.984797,-73.975928
2011-12-03 20:56:00.000000132,10.5,1.0,2011-12-03 20:56:00 UTC,40.734998,40.743742,-74.001972,-73.981498
2012-03-23 19:13:00.000000221,8.1,5.0,2012-03-23 19:13:00 UTC,40.79985,40.770172,-73.962563,-73.98419
2012-09-19 09:22:56.0000002,28.5,1.0,2012-09-19 09:22:56 UTC,51.5,40.75857,-0.1,-74.000287
2011-10-25 14:19:00.000000181,13.7,1.0,2011-10-25 14:19:00 UTC,40.773437,40.735977,-73.96430699999999,-73.989902
2012-03-16 18:02:35.0000003,7.3,1.0,2012-03-16 18:02:35 UTC,40.769859,40.760504,-73.981596,-73.9746
2014-03-28 07:03:26.0000001,5.5,1.0,2014-03-28 07:03:26 UTC,40.75909,40.759161,-73.968589,-73.97673
2013-12-04 08:44:06.0000001,11.5,1.0,2013-12-04 08:44:06 UTC,40.775128,40.759715,-73.982061,-73.97495699999999
2015-01-14 20:54:03.0000005,8.0,1.0,2015-01-14 20:54:03 UTC,40.7550163269043,0.0,-73.9760208129883,0.0
2009-01-09 14:41:24.0000003,4.9,100.0,2009-01-09 14:41:24 UTC,40.768903,40.779351,-73.958259,-73.95474399999999
2012-12-24 23:12:00.00000068,13.5,5.0,2012-12-24 23:12:00 UTC,40.792337,40.822752,-73.973522,-73.942002
2014-05-15 18:23:00.00000087,10.0,2.0,2014-05-15 18:23:00 UTC,51.5,40.771362,-0.1,-73.97950300000001
2014-08-12 03:11:51.0000001,11.5,2.0,2014-08-12 03:11:51 UTC,40.741953,40.762617,-74.00406,-73.97998199999999
2014-09-03 18:08:00.000000150,16.0,1.0,2014-09-03 18:08:00 UTC,51.5,40.7211,-0.1,-74.00058
2009-07-25 15:42:18.0000001,8.9,2.0,2009-07-25 15:42:18 UTC,40.77933,40.76042,-73.957668,-73.983479
2012-11-14 17:19:00.000000113,4.5,1.0,2012-11-14 17:19:00 UTC,40.779345,40.789612,-73.981177,-73.973628
2014-05-04 17:30:29.0000005,9.5,1.0,2014-05-04 17:30:29 UTC,40.721161,40.742348,-74.005328,-73.984595
2010-01-20 11:21:00.00000094,5.3,5.0,2010-01-20 11:21:00 UTC,40.703142,40.71414,-74.010468,-73.999873
2010-04-27 06:04:37.0000002,4.1,1.0,2010-04-27 06:04:37 UTC,40.760497,40.764079,-73.961373,-73.954164
2011-03-03 07:40:59.0000006,8.1,1.0,2011-03-03 07:40:59 UTC,40.733536,40.74004,-74.007816,-73.98655600000001
2011-12-16 08:40:00.00000041,18.1,1.0,2011-12-16 08:40:00 UTC,40.705285,40.763668,-74.007673,-73.974562
2012-07-10 13:13:07.0000004,9.7,1.0,2012-07-10 13:13:07 UTC,40.733332,40.747792,-73.991003,-73.986998
2012-10-22 10:43:00.000000142,6.0,1.0,2012-10-22 10:43:00 UTC,40.770303000000006,40.774702000000005,-73.96865799999999,-73.982578
2014-02-12 08:04:10.0000003,5.0,100.0,2014-02-12 08:04:10 UTC,40.795888,40.787512,-73.96656800000001,-73.970033
2012-01-30 13:25:00.00000085,6.9,2.0,2099-01-01 00:00:00 UTC,40.74928,40.737878,-73.983952,-73.97778000000001
2014-04-25 19:37:49.0000004,14.5,1.0,2014-04-25 19:37:49 UTC,40.765709,40.736309000000006,-73.97986999999999,-74.001389
2009-11-07 14:13:00.00000019,14.1,1.0,2009-11-07 14:13:00 UTC,40.771582,40.75982,-74.010005,-74.003845
2012-08-15 21:23:38.0000005,6.9,1.0,2012-08-15 21:23:38 UTC,40.734013,40.72334,-74.002667,-73.988277
2013-10-05 20:24:51.0000003,16.0,1.0,2013-10-05 20:24:51 UTC,40.657058,40.657039000000005,-73.794116,-73.79413199999999
2015-06-22 01:54:24.0000002,6.5,6.0,2015-06-22 01:54:24 UTC,40.72861099243164,40.72217178344727,-74.00007629394531,-73.98873138427734
2010-09-07 02:25:00.00000023,3.3,100.0,2010-09-07 02:25:00 UTC,40.776687,40.784025,-73.982188,-73.97464699999999
2011-06-13 10:59:34.0000001,6.5,2.0,2011-06-13 10:59:34 UTC,40.757149,40.759387,-73.976504,-73.988537
2013-04-11 09:14:00.000000173,5.0,2.0,2013-04-11 09:14:00 UTC,40.737055,40.738412,-73.99292,-74.00156199999999
2011-07-16 06:12:00.00000010,6.1,1.0,2011-07-16 06:12:00 UTC,40.733533,40.755913,-73.999728,-73.984657
2014-11-18 09:19:00.000000211,57.33,1.0,2014-11-18 09:19:00 UTC,40.645412,40.774932,-73.77672,-73.978832
2009-11-26 18:36:00.00000055,5.3,,2009-11-26 18:36:00 UTC,40.759838,40.745338,-73.97712,-73.981875
2011-04-08 17:25:13.0000003,10.9,3.0,2011-04-08 17:25:13 UTC,40.748792,40.760099,-73.99233199999999,-73.966374
2011-11-12 02:04:04.0000007,4.1,1.0,2011-11-12 02:04:04 UTC,40.763919,40.757765,-73.992253,-73.99123
2012-04-30 19:19:00.000000292,11.3,5.0,2012-04-30 19:19:00 UTC,40.800192,40.76463,-73.969548,-73.97999300000001
2013-09-25 14:47:00.00000083,5.5,1.0,2013-09-25 14:47:00 UTC,40.747477,0.0,-74.003637,0.0
2014-01-17 22:33:39.0000002,10.0,100.0,2014-01-17 22:33:39 UTC,51.5,40.781094,-0.1,-73.955425
2014-08-05 16:40:00.00000048,4.0,1.0,2014-08-05 16:40:00 UTC,40.78389,40.780905,-73.954767,-73.958958
2009-01-10 16:28:00.00000086,2.9,1.0,2009-01-10 16:28:00 UTC,40.757653000000005,40.756757,-73.977417,-73.97460699999999
2011-01-08 16:35:00.00000010,6.9,1.0,2011-01-08 16:35:00 UTC,40.761268,40.776795,-73.966327,-73.98294
2013-01-21 19:08:58.0000002,4.5,1.0,2013-01-21 19:08:58 UTC,40.739949,40.732722,-73.990909,-73.99385600000001
2013-09-13 11:44:00.000000199,4.5,5.0,2013-09-13 11:44:00 UTC,40.761717,40.763042,-73.965037,-73.96807700000001
2011-11-05 23:43:58.0000004,12.9,1.0,2011-11-05 23:43:58 UTC,40.76412,40.806619,-73.966769,-73.96497
2010-06-26 08:49:46.0000001,5.3,2.0,2010-06-26 08:49:46 UTC,40.776832,40.762642,-73.977092,-73.98598299999999
2010-07-06 17:09:32.0000002,6.9,1.0,2010-07-06 17:09:32 UTC,40.74895,40.733678000000005,-73.988254,-73.98705
2010-09-30 07:56:00.000000204,16.1,5.0,2010-09-30 07:56:00 UTC,40.725585,40.793967,-73.98658499999999,-73.936913
2011-11-23 17:58:00.000000137,26.9,1.0,2011-11-23 17:58:00 UTC,40.774082,40.76601,-73.874558,-73.96394000000001
2013-02-15 17:36:00.00000075,6.0,1.0,2013-02-15 17:36:00 UTC,40.728325,40.744282,-74.00241700000001,-73.991863
2014-06-30 11:26:37.0000001,6.0,,2014-06-30 11:26:37 UTC,40.744387,40.730406,-73.995635,-74.002325
2014-10-11 19:30:26.0000001,14.5,2.0,2014-10-11 19:30:26 UTC,40.763296,40.760494,-73.985221,-73.96557
2011-05-09 22:27:35.0000001,3.3,1.0,2011-05-09 22:27:35 UTC,40.72194,40.722939,-74.004287,-73.998599
2011-06-21 19:47:46.0000002,9.7,1.0,2011-06-21 19:47:46 UTC,40.722398,40.754394,-73.99703199999999,-73.98433
2012-07-29 15:27:45.0000005,4.5,2.0,2012-07-29 15:27:45 UTC,51.5,40.762297,-0.1,-73.968008
2012-11-12 17:59:46.0000003,15.5,1.0,2012-11-12 17:59:46 UTC,40.767404,40.741095,-73.964517,-74.003496
2014-07-09 14:51:00.00000056,15.5,1.0,2014-07-09 14:51:00 UTC,40.792012,40.769527,-73.975655,-73.951775
2015-03-14 22:19:01.0000005,14.0,2.0,2015-03-14 22:19:01 UTC,40.782493591308594,40.75661087036133,-73.94877624511719,-73.9822006225586
2009-09-19 10:34:41.0000002,66.3,2.0,2009-09-19 10:34:41 UTC,40.99326,40.693874,-74.438233,-74.185996
2010-10-07 21:09:35.0000002,14.1,1.0,2010-10-07 21:09:35 UTC,40.707399,40.750071000000005,-74.00354499999999,-73.981312
2011-04-15 18:55:48.0000006,12.1,1.0,2011-04-15 18:55:48 UTC,40.7613,40.74775,-73.983423,-74.009493
2012-03-02 13:13:00.00000065,11.7,1.0,2012-03-02 13:13:00 UTC,40.765072,40.791957,-73.96669,-73.978243
2012-11-24 09:59:00.00000015,3.5,1.0,2012-11-24 09:59:00 UTC,40.788492,40.79204,-73.97093199999999,-73.973835
2014-09-05 00:48:01.0000003,10.5,3.0,2014-09-05 00:48:01 UTC,40.743554,40.750274,-74.00344,-73.974042
2014-04-07 07:41:50.0000002,20.5,1.0,2014-04-07 07:41:50 UTC,40.711575,40.760979,-74.016064,-73.983339
2009-08-25 01:50:21.0000001,2.5,1.0,2009-08-25 01:50:21 UTC,40.76335,40.76335,-73.98640999999999,-73.98640999999999
2013-04-17 18:27:15.0000001,21.0,1.0,2013-04-17 18:27:15 UTC,40.733786,40.686617,-73.97720799999999,-73.978238
2014-09-29 14:34:00.00000032,9.5,6.0,2014-09-29 14:34:00 UTC,40.765472,40.783072,-73.969977,-73.95734
2010-12-24 22:34:00.00000037,8.9,2.0,2010-12-24 22:34:00 UTC,40.758843,40.737495,-73.978465,-74.004952
2011-06-30 08:08:14.0000003,10.5,1.0,2011-06-30 08:08:14 UTC,40.814999,40.778607,-73.959055,-73.95787800000001
2013-03-11 09:42:26.0000004,4.5,1.0,2013-03-11 09:42:26 UTC,40.735048,0.0,-74.008646,0.0
2014-10-07 15:02:06.0000003,24.5,1.0,2099-01-01 00:00:00 UTC,40.761886,40.724702,-73.97926899999999,-74.002076
2011-07-15 11:49:00.00000059,8.5,1.0,2011-07-15 11:49:00 UTC,40.73074,40.752542,-73.978135,-73.977188
2014-06-25 23:08:56.0000004,9.0,2.0,2014-06-25 23:08:56 UTC,40.784274,40.767125,-73.97786500000001,-73.962362
2010-06-15 15:07:00.00000059,6.5,1.0,2010-06-15 15:07:00 UTC,40.709567,40.718643,-73.95888199999999,-73.98527
2012-01-08 02:10:00.000000153,19.7,2.0,2012-01-08 02:10:00 UTC,40.73655,40.769043,-73.987122,-73.90265699999999
2012-08-30 18:17:13.0000001,30.9,,2012-08-30 18:17:13 UTC,40.737,40.770393,-73.978438,-73.86484200000001
2013-07-29 22:19:22.0000002,8.5,1.0,2013-07-29 22:19:22 UTC,40.750915,40.735215,-73.983246,-74.00603199999999
2009-09-27 06:48:00.00000029,6.5,100.0,2009-09-27 06:48:00 UTC,40.761638,40.744387,-73.994017,-73.985845
2010-05-07 20:05:00.000000228,14.9,2.0,2010-05-07 20:05:00 UTC,40.762212,40.755087,-73.968212,-73.919958
2013-04-12 19:57:22.0000002,5.5,1.0,2013-04-12 19:57:22 UTC,40.655194,40.737216,-73.789203,-73.996509
2013-09-19 23:58:08.0000006,20.5,1.0,2013-09-19 23:58:08 UTC,40.747356,40.762732,-73.989813,-73.92714699999999
2012-02-27 07:24:20.0000003,6.5,0.0,2012-02-27 07:24:20 UTC,51.5,40.758023,-0.1,-73.971395
2013-09-13 07:03:17.0000002,5.0,1.0,2013-09-13 07:03:17 UTC,40.763365,40.7547,-73.977487,-73.983377
2014-01-04 08:43:24.0000001,5.0,1.0,2014-01-04 08:43:24 UTC,40.7681,40.778745,-73.98573,-73.981444
2014-04-21 13:33:03.0000002,16.5,1.0,2014-04-21 13:33:03 UTC,40.744235,40.751236,-74.006602,-73.979251
2015-02-28 07:50:05.0000004,16.0,5.0,2015-02-28 07:50:05 UTC,40.77205657958984,40.74713516235352,-73.95174407958984,-73.94265747070312
2012-02-21 12:13:11.0000009,16.5,1.0,2012-02-21 12:13:11 UTC,40.714426,40.756248,-74.010894,-73.98337
2013-07-27 23:20:00.000000228,20.5,6.0,2013-07-27 23:20:00 UTC,40.716667,40.767287,-73.98441,-73.92223800000001
2011-12-02 19:50:13.0000003,7.3,1.0,2099-01-01 00:00:00 UTC,40.7703,40.7606,-73.9594,-73.9663
2015-06-27 22:06:57.0000001,9.0,3.0,2015-06-27 22:06:57 UTC,40.714691162109375,40.71773147583008,-73.99384307861328,-73.9970703125
2014-03-14 00:05:00.000000229,15.5,1.0,2014-03-14 00:05:00 UTC,40.721777,40.676375,-73.997507,-74.000732
2014-08-19 16:52:48.0000001,5.0,1.0,2014-08-19 16:52:48 UTC,40.760146,40.763185,-73.995087,-73.982215
2014-09-30 16:13:00.00000021,57.33,100.0,2014-09-30 16:13:00 UTC,40.741277,40.64676,-74.00775,-73.79029200000001
2009-07-07 00:19:38.0000001,10.5,1.0,2009-07-07 00:19:38 UTC,40.762695,40.804685,-73.97998199999999,-73.96255699999999
2013-08-02 20:12:13.0000003,9.5,3.0,2013-08-02 20:12:13 UTC,40.748635,40.718968,-74.008117,-74.01037
2009-03-30 10:56:00.00000086,4.1,1.0,2009-03-30 10:56:00 UTC,40.765603000000006,40.77027,-73.99093,-73.982563
2011-12-01 15:38:24.0000001,12.1,2.0,2011-12-01 15:38:24 UTC,40.767462,40.757670000000005,-73.959546,-73.993107
2013-11-24 20:54:00.000000162,7.0,1.0,2013-11-24 20:54:00 UTC,40.750487,40.72994,-73.971542,-73.988967
2010-04-15 21:12:39.0000001,4.9,1.0,2099-01-01 00:00:00 UTC,40.724624,40.722875,-73.97855600000001,-73.988157
2010-12-08 08:14:00.000000142,4.9,1.0,2010-12-08 08:14:00 UTC,40.752832,40.758903,-73.97930699999999,-73.978403
2013-05-15 16:56:45.0000002,11.0,1.0,2099-01-01 00:00:00 UTC,40.758764,40.768108000000005,-73.979658,-73.95657
2013-07-11 21:10:00.00000060,5.5,2.0,2013-07-11 21:10:00 UTC,40.74581,40.73341,-73.97800699999999,-73.98425
2013-07-31 09:31:00.000000124,7.0,1.0,2013-07-31 09:31:00 UTC,40.756855,40.768222,-73.9894,-73.992802
2010-03-22 14:59:45.0000001,3.7,1.0,2010-03-22 14:59:45 UTC,40.765069,40.769931,-73.961353,-73.96051999999999
2011-12-21 21:40:17.0000001,6.5,4.0,2011-12-21 21:40:17 UTC,40.7205,40.7408,-74.0098,-74.009
2012-05-21 11:37:42.0000002,15.3,1.0,2012-05-21 11:37:42 UTC,40.76432,0.0,-73.99217,0.0
2014-08-21 12:40:24.0000002,38.33,,2014-08-21 12:40:24 UTC,40.776857,40.768274,-73.977151,-73.861551
2012-10-10 12:40:54.0000004,6.5,1.0,2012-10-10 12:40:54 UTC,40.680705,40.690149,-73.98075899999999,-73.989813
2013-01-04 17:06:26.0000004,17.0,1.0,2013-01-04 17:06:26 UTC,40.75699,40.797008,-74.001311,-73.948801
2009-11-12 08:33:00.00000091,10.1,1.0,2009-11-12 08:33:00 UTC,40.731835,40.751058,-74.00095999999999,-73.97434200000001
2011-02-16 12:02:00.000000121,18.9,5.0,2011-02-16 12:02:00 UTC,40.708902,40.749225,-74.010163,-73.987847
2012-07-09 07:54:34.0000003,38.5,1.0,2099-01-01 00:00:00 UTC,40.769065000000005,40.705275,-73.86256800000001,-74.008287
2013-03-11 09:31:00.000000169,8.5,,2013-03-11 09:31:00 UTC,40.748147,40.725757,-73.983518,-73.98987
2014-11-06 23:10:00.000000202,7.0,1.0,2014-11-06 23:10:00 UTC,40.75715,40.747,-73.97173000000001,-73.98541
2014-12-13 18:37:00.00000089,8.5,1.0,2014-12-13 18:37:00 UTC,40.741622,40.731072,-73.983267,-74.001337
2009-01-27 11:55:16.0000002,7.7,1.0,2009-01-27 11:55:16 UTC,40.751257,40.750687,-73.991197,-73.975178
2013-12-14 02:04:00.000000200,4.5,2.0,2013-12-14 02:04:00 UTC,40.72957,0.0,-73.98384,0.0
2012-03-12 06:57:20.0000002,7.7,1.0,2012-03-12 06:57:20 UTC,40.761912,40.75214,-73.957788,-73.97675699999999
2013-01-17 23:42:16.0000001,45.0,1.0,2013-01-17 23:42:16 UTC,40.754489,40.667613,-73.999081,-73.863401
2013-05-25 02:42:55.0000002,8.0,,2013-05-25 02:42:55 UTC,51.5,40.709743,-0.1,-73.961689
2009-08-26 15:59:53.0000001,4.5,1.0,2009-08-26 15:59:53 UTC,40.751183000000005,40.753584,-73.991315,-74.003637
2012-01-18 13:52:00.00000031,5.7,2.0,2012-01-18 13:52:00 UTC,40.748468,40.75505,-73.978617,-73.97588499999999
2010-04-17 23:43:40.0000005,9.7,2.0,2010-04-17 23:43:40 UTC,40.734732,40.756477,-74.00209699999999,-73.972335
2010-10-31 01:12:41.0000002,10.9,1.0,2010-10-31 01:12:41 UTC,40.736004,40.718013,-74.005771,-73.989396
2010-11-10 16:44:00.000000151,5.7,,2010-11-10 16:44:00 UTC,40.727557,40.750242,-74.00721999999999,-73.994682
2014-01-18 23:03:00.000000100,4.0,1.0,2014-01-18 23:03:00 UTC,40.736957,40.744997,-74.005432,-73.99864000000001
2009-08-20 13:25:00.00000063,4.9,3.0,2009-08-20 13:25:00 UTC,51.5,40.755345,-0.1,-73.988952
2009-10-01 06:43:42.0000001,31.2,1.0,2009-10-01 06:43:42 UTC,51.5,40.770561,-0.1,-73.86509000000001
2009-10-06 18:24:14.0000005,13.3,1.0,2009-10-06 18:24:14 UTC,40.757444,40.719542,-73.98769899999999,-73.99664399999999
2010-02-13 01:52:11.0000003,11.7,1.0,2010-02-13 01:52:11 UTC,51.5,0.0,-0.1,0.0
2011-05-09 13:06:40.0000001,8.9,1.0,2011-05-09 13:06:40 UTC,40.72074,40.728984,-74.008557,-73.981338
2012-07-22 16:36:14.0000003,4.5,1.0,2012-07-22 16:36:14 UTC,40.808057,40.814371,-73.926383,-73.93513
2012-09-08 05:19:00.0000007,20.0,2.0,2012-09-08 05:19:00 UTC,40.738397,0.0,-73.996222,0.0
2015-03-01 02:08:36.0000003,7.0,1.0,2015-03-01 02:08:36 UTC,40.72238540649415,40.73523330688477,-73.9864273071289,-73.99151611328125
2009-03-18 19:47:00.000000215,4.5,5.0,2009-03-18 19:47:00 UTC,40.74389,40.734933000000005,-73.995892,-74.004377
2012-09-10 14:39:00.00000023,16.5,1.0,2012-09-10 14:39:00 UTC,40.737147,40.776832,-73.988522,-73.986408
2011-11-01 09:52:40.0000001,12.9,1.0,2011-11-01 09:52:40 UTC,40.780106,40.758763,-73.98138399999999,-73.97135300000001
2012-04-20 15:36:33.0000005,34.1,1.0,2012-04-20 15:36:33 UTC,40.773999,40.762902,-73.873254,-73.983536
2014-08-11 19:37:00.000000174,57.33,2.0,2014-08-11 19:37:00 UTC,40.64629,40.64629,-73.776477,-73.776477
2014-02-07 22:43:37.0000002,13.0,1.0,2014-02-07 22:43:37 UTC,40.767798,40.80919,-73.98571700000001,-73.959253
2012-03-29 18:39:00.00000032,9.7,1.0,2012-03-29 18:39:00 UTC,40.75182,40.775948,-73.98011,-73.950907
2013-01-16 19:55:00.000000277,11.0,,2013-01-16 19:55:00 UTC,40.744762,40.716325,-73.987055,-74.007825
2011-05-05 20:30:00.000000258,4.9,1.0,2099-01-01 00:00:00 UTC,40.763207,40.77076,-73.975245,-73.96342800000001
2010-04-16 20:35:21.0000004,8.5,1.0,2010-04-16 20:35:21 UTC,51.5,40.806313,-0.1,-73.917888
2013-01-31 22:14:00.00000013,4.5,1.0,2013-01-31 22:14:00 UTC,40.727532,40.735312,-73.985247,-73.97957199999999
2011-10-10 07:32:00.00000027,11.3,1.0,2011-10-10 07:32:00 UTC,40.759455,40.722595,-73.974097,-74.009692
2012-03-13 21:24:00.000000126,13.7,100.0,2012-03-13 21:24:00 UTC,40.750085,40.716932,-73.977078,-74.01442
2012-01-06 06:51:46.0000004,6.9,1.0,2012-01-06 06:51:46 UTC,40.756634000000005,40.758445,-73.990062,-73.971327
2012-07-31 07:20:31.0000001,8.1,1.0,2012-07-31 07:20:31 UTC,40.754256,40.748919,-73.91848900000001,-73.969701
2013-01-02 21:00:00.000000161,11.0,1.0,2013-01-02 21:00:00 UTC,40.756035,40.785887,-73.97426999999999,-73.96899
2013-08-27 18:55:00.000000126,4.5,2.0,2013-08-27 18:55:00 UTC,40.77215,40.780182,-73.958917,-73.956942
2010-04-20 19:31:00.00000062,6.1,1.0,2010-04-20 19:31:00 UTC,40.748403,40.765688,-73.983305,-73.99111500000001
2011-01-22 23:24:00.000000210,7.7,5.0,2011-01-22 23:24:00 UTC,40.785718,40.769105,-73.96902299999999,-73.992152
2011-08-15 20:36:40.0000002,12.9,1.0,2011-08-15 20:36:40 UTC,40.789832,40.745006,-73.95235100000001,-73.97233299999999
2012-07-05 12:23:00.000000148,8.1,1.0,2012-07-05 12:23:00 UTC,40.732997,40.742632,-73.993822,-73.9847
2010-08-30 19:58:00.0000001,12.1,4.0,2010-08-30 19:58:00 UTC,40.713628,40.756853,-73.99786800000001,-73.98944499999999
2011-08-04 18:39:50.0000001,9.3,1.0,2011-08-04 18:39:50 UTC,40.757788,40.754246,-73.981206,-73.99431700000001
2014-01-09 21:55:00.00000024,21.5,,2014-01-09 21:55:00 UTC,40.741032,40.719377,-74.00156199999999,-73.95868
2011-09-18 14:41:56.0000003,6.9,2.0,2011-09-18 14:41:56 UTC,40.764244,40.781859,-73.992014,-73.981024
2014-01-30 21:38:00.000000111,10.0,1.0,2014-01-30 21:38:00 UTC,40.77331,40.781017,-73.98205300000001,-73.955055
2014-09-03 15:29:00.00000047,8.5,1.0,2014-09-03 15:29:00 UTC,40.72521,40.740927,-73.999112,-74.007372
2015-02-22 12:46:09.0000005,26.5,1.0,2015-02-22 12:46:09 UTC,40.71653366088867,40.77207565307617,-74.01361846923827,-73.94696807861328
2010-08-08 16:47:00.000000138,4.5,5.0,2010-08-08 16:47:00 UTC,40.760282,40.753368,-73.97586700000001,-73.980965
2011-09-10 23:51:43.0000003,6.9,3.0,2011-09-10 23:51:43 UTC,40.744069,40.740089000000005,-73.983855,-74.005639
2010-10-26 15:25:00.00000051,4.9,1.0,2010-10-26 15:25:00 UTC,40.784043,40.772092,-73.947062,-73.951198
2011-06-20 14:52:22.0000004,18.5,1.0,2011-06-20 14:52:22 UTC,40.724297,40.786941,-73.99789200000001,-73.97757800000001
2012-11-18 15:58:00.000000141,8.0,1.0,2012-11-18 15:58:00 UTC,40.793497,40.780095,-73.972767,-73.95949499999999
2013-10-15 07:48:17.0000001,5.5,1.0,2013-10-15 07:48:17 UTC,40.734053,40.744464,-73.989863,-73.979853
2012-04-30 14:56:33.0000004,6.5,1.0,2012-04-30 14:56:33 UTC,40.759555,40.766241,-73.976558,-73.983238
2009-10-15 19:30:00.000000263,12.9,1.0,2009-10-15 19:30:00 UTC,40.767035,40.72776,-73.98362,-73.985725
2010-10-20 18:19:41.0000003,4.1,1.0,2010-10-20 18:19:41 UTC,40.760876,40.752973,-73.96954000000001,-73.975164
2011-02-07 08:39:21.0000005,10.5,,2011-02-07 08:39:21 UTC,40.806719,40.784222,-73.964999,-73.958495
2011-06-14 23:51:00.00000082,12.1,1.0,2011-06-14 23:51:00 UTC,40.726223,40.761795,-73.98340300000001,-73.999103
2011-06-22 23:45:19.0000003,13.7,1.0,2011-06-22 23:45:19 UTC,40.724907,40.72631,-73.981527,-73.949038
2012-06-06 15:05:32.0000002,16.1,1.0,2012-06-06 15:05:32 UTC,40.789074,40.748882,-73.954942,-73.984561
2014-08-25 20:37:22.0000001,3.0,1.0,2014-08-25 20:37:22 UTC,40.74088,40.738234000000006,-74.00747199999999,-74.00895899999999
2015-04-01 22:29:31.0000003,13.5,1.0,2015-04-01 22:29:31 UTC,40.7636833190918,40.73807907104492,-73.96198272705078,-73.99638366699219
2011-10-17 18:58:23.0000001,4.9,1.0,2011-10-17 18:58:23 UTC,40.74972,40.750485,-73.992414,-73.995103
2012-03-15 20:31:31.0000001,4.9,1.0,2012-03-15 20:31:31 UTC,40.766172,40.76807,-73.97164000000001,-73.96069200000001
2014-11-24 02:46:00.00000011,27.0,100.0,2014-11-24 02:46:00 UTC,40.710565,40.759892,-74.008827,-73.92766
2014-03-12 13:13:14.0000002,6.0,100.0,2014-03-12 13:13:14 UTC,40.750545,40.737205,-73.977032,-73.990488
2015-01-10 21:18:25.0000001,5.5,1.0,2015-01-10 21:18:25 UTC,40.728797912597656,40.72538375854492,-73.9844970703125,-73.98408508300781
2011-09-25 14:09:00.000000182,24.9,2.0,2011-09-25 14:09:00 UTC,40.750317,40.835722,-73.99467299999999,-73.94584300000001
2015-03-22 14:23:12.0000004,22.5,4.0,2015-03-22 14:23:12 UTC,40.77907180786133,40.70943832397461,-73.96234130859375,-74.00598907470702
2013-01-15 16:02:57.0000007,15.0,1.0,2013-01-15 16:02:57 UTC,40.734315,40.7042,-73.983491,-73.956837
2009-02-16 07:40:14.0000002,14.5,1.0,2009-02-16 07:40:14 UTC,40.807601,40.767366,-73.948872,-73.937218
2009-02-27 17:39:00.000000125,8.1,1.0,2009-02-27 17:39:00 UTC,40.742668,40.74748,-73.99287700000001,-73.983468
2009-11-05 00:57:13.0000001,15.7,1.0,2009-11-05 00:57:13 UTC,40.733121,40.677112,-74.00412800000001,-73.96611700000001
2010-12-11 01:55:00.00000022,10.5,2.0,2099-01-01 00:00:00 UTC,40.722583,40.679183,-73.997677,-73.992827
2012-02-12 15:18:00.000000197,45.0,1.0,2012-02-12 15:18:00 UTC,40.750962,40.648527,-73.969852,-73.781802
2013-12-08 23:39:00.00000080,3.0,5.0,2013-12-08 23:39:00 UTC,0.0,0.0,0.0,0.0
2009-12-29 09:44:01.0000001,4.1,1.0,2009-12-29 09:44:01 UTC,40.785315,40.775721,-73.973141,-73.980153
2010-04-27 20:20:00.000000200,23.7,1.0,2010-04-27 20:20:00 UTC,40.650103,40.711942,-74.00532199999999,-73.859852
2010-04-27 20:20:00.000000211,9.3,1.0,2010-04-27 20:20:00 UTC,40.729675,40.725813,-73.97785,-74.005877
2012-09-23 02:57:00.00000030,24.5,3.0,2012-09-23 02:57:00 UTC,40.749812,0.0,-73.995145,0.0
2009-11-20 09:09:00.000000214,7.3,,2099-01-01 00:00:00 UTC,40.77291,0.0,-73.958437,0.0
2009-12-16 22:00:00.00000065,10.1,,2009-12-16 22:00:00 UTC,40.763205,40.721372,-73.969813,-73.99266800000001
2010-03-23 14:52:16.0000004,3.7,1.0,2010-03-23 14:52:16 UTC,40.744098,40.741071000000005,-73.995863,-73.990998
2010-05-08 16:17:04.0000006,9.7,1.0,2010-05-08 16:17:04 UTC,40.757773,40.763474,-73.990431,-73.972639
2011-05-07 15:12:32.0000003,49.8,,2011-05-07 15:12:32 UTC,40.644691,40.738062,-73.782235,-73.973344
2011-10-14 12:20:00.00000051,4.9,100.0,2011-10-14 12:20:00 UTC,40.780497,40.788527,-73.952797,-73.955042
2011-11-08 07:14:00.0000004,7.7,1.0,2011-11-08 07:14:00 UTC,40.739077,40.712155,-73.98729,-74.008045
2013-07-19 18:55:00.000000129,31.83,1.0,2013-07-19 18:55:00 UTC,40.77044,40.749225,-73.865875,-73.979228
2014-05-17 13:12:55.0000005,5.0,2.0,2014-05-17 13:12:55 UTC,40.762434000000006,40.766286,-73.981422,-73.983398
2010-11-24 12:46:52.0000001,4.5,1.0,2010-11-24 12:46:52 UTC,40.775646,40.777766,-73.962681,-73.95743399999999
2014-02-16 09:05:34.0000002,12.5,1.0,2014-02-16 09:05:34 UTC,40.756151,40.779943,-73.996905,-73.954566
2014-12-04 15:23:00.00000011,13.5,6.0,2014-12-04 15:23:00 UTC,40.772905,40.75908,-73.982325,-73.96529699999999
2013-04-01 12:44:00.000000104,9.5,1.0,2013-04-01 12:44:00 UTC,40.775412,40.757577000000005,-73.956678,-73.97728199999999
2012-02-23 06:21:00.00000021,6.1,1.0,2012-02-23 06:21:00 UTC,40.756102,40.763163,-73.989675,-73.970548
2013-10-10 05:53:00.00000027,4.5,100.0,2013-10-10 05:53:00 UTC,40.798707,40.793995,-73.968897,-73.96673299999999
2009-11-26 03:52:00.00000042,6.5,1.0,2009-11-26 03:52:00 UTC,40.76014,40.749263,-73.984258,-73.99738
2010-04-01 10:07:00.000000224,7.3,1.0,2099-01-01 00:00:00 UTC,40.774312,40.766893,-73.963465,-73.9834
2010-05-22 19:26:00.00000016,7.7,1.0,2010-05-22 19:26:00 UTC,40.75779,40.750123,-73.96971500000001,-73.99134000000001
2010-09-26 01:55:00.00000020,7.7,2.0,2010-09-26 01:55:00 UTC,40.764427000000005,40.744787,-73.9957,-73.992148
2010-09-29 00:57:00.00000071,8.9,2.0,2010-09-29 00:57:00 UTC,40.744403000000005,40.769403,-73.991738,-73.959888
2012-03-20 17:34:00.000000173,10.5,,2012-03-20 17:34:00 UTC,40.751915,40.751853,-73.978193,-74.004858
2012-12-23 03:45:48.0000004,6.0,1.0,2012-12-23 03:45:48 UTC,40.72098,0.0,-73.956829,0.0
2013-06-12 17:04:53.0000003,5.0,1.0,2013-06-12 17:04:53 UTC,40.771861,40.770901,-73.974776,-73.980998
2013-06-27 10:52:00.000000187,8.0,1.0,2099-01-01 00:00:00 UTC,40.76655,40.771767,-73.962843,-73.947115
2011-08-25 07:35:23.0000001,13.3,1.0,2011-08-25 07:35:23 UTC,40.782872,40.741282,-73.94780899999999,-73.988676
2011-12-08 00:13:47.0000002,2.9,1.0,2011-12-08 00:13:47 UTC,40.758655,40.762103,-73.97988199999999,-73.977834
2009-04-25 13:08:00.000000119,25.450000000000006,1.0,2009-04-25 13:08:00 UTC,40.745908,40.771893,-73.99055,-73.885363
2012-11-28 21:33:33.0000006,4.5,,2012-11-28 21:33:33 UTC,40.764331,40.767477,-73.966639,-73.959307
2013-06-09 23:15:06.0000002,9.0,2.0,2013-06-09 23:15:06 UTC,40.73996,40.749912,-74.002078,-73.97913299999999
2010-07-21 16:39:00.000000162,4.1,1.0,2010-07-21 16:39:00 UTC,40.778175,40.785715,-73.954595,-73.952698
2012-03-16 07:52:00.000000155,5.3,100.0,2012-03-16 07:52:00 UTC,40.818232,40.810163,-73.960797,-73.953255
2015-05-02 23:49:41.0000002,5.5,1.0,2015-05-02 23:49:41 UTC,40.77486038208008,40.76394653320313,-73.98070526123048,-73.9918441772461
2012-11-28 08:30:00.000000119,18.0,1.0,2012-11-28 08:30:00 UTC,40.748617,40.8042,-74.006052,-73.96289200000001
2013-09-30 13:11:00.000000148,4.5,1.0,2013-09-30 13:11:00 UTC,40.764565000000005,40.758697,-73.947355,-73.952475
2014-10-22 08:12:00.000000181,6.0,1.0,2014-10-22 08:12:00 UTC,40.72311,40.73235,-73.99686,-74.00537
2010-09-09 14:22:00.000000170,8.1,2.0,2010-09-09 14:22:00 UTC,40.759743,40.770363,-73.96226,-73.953148
2013-02-14 19:35:44.0000005,9.5,1.0,2013-02-14 19:35:44 UTC,40.740252000000005,40.716267,-74.005739,-74.011023
2014-07-19 04:42:00.00000041,5.5,1.0,2014-07-19 04:42:00 UTC,40.719085,40.719085,-73.990532,-73.990532
2014-10-15 09:43:35.0000003,23.0,1.0,2014-10-15 09:43:35 UTC,40.765569,40.693534,-73.95846999999999,-73.99054699999999
2009-01-24 22:53:01.0000002,6.6,1.0,2009-01-24 22:53:01 UTC,40.75129,40.749632,-73.99402099999999,-73.97253
2009-03-15 02:15:39.0000002,53.0,1.0,2009-03-15 02:15:39 UTC,40.719976,40.725234,-73.993309,-74.040465
2009-06-29 11:45:00.000000138,15.3,1.0,2009-06-29 11:45:00 UTC,40.751598,40.704697,-73.9757,-74.0163
2010-11-25 00:41:00.000000125,6.1,5.0,2010-11-25 00:41:00 UTC,51.5,40.747582,-0.1,-74.003982
2011-08-08 09:59:00.00000093,7.3,1.0,2011-08-08 09:59:00 UTC,40.776573,0.0,-73.96252,0.0
2013-12-23 13:52:00.000000163,30.83,1.0,2013-12-23 13:52:00 UTC,40.776032,40.767782,-73.952607,-73.86111700000001
2012-07-05 00:29:21.0000002,6.5,2.0,2012-07-05 00:29:21 UTC,40.765026,40.787134,-73.988026,-73.975303
2015-01-11 11:09:26.0000006,5.5,6.0,2015-01-11 11:09:26 UTC,40.74237060546875,40.73276138305664,-73.98262023925781,-73.99588012695312
2010-12-04 23:56:00.00000034,4.1,1.0,2010-12-04 23:56:00 UTC,40.783223,40.778902,-73.9784,-73.98173
2012-03-07 09:29:44.0000003,3.3,1.0,2099-01-01 00:00:00 UTC,40.769132,40.76573,-73.965352,-73.96795300000001
2012-10-13 02:31:22.0000001,31.5,1.0,2012-10-13 02:31:22 UTC,40.726242,40.762649,-74.007458,-73.870459
2011-11-11 04:06:20.0000003,9.7,1.0,2099-01-01 00:00:00 UTC,40.733322,40.765409000000005,-74.002499,-73.966174
2012-05-26 01:15:11.0000003,12.1,1.0,2012-05-26 01:15:11 UTC,40.72241,40.76199,-73.987243,-73.97162
2013-06-06 16:32:59.0000004,10.5,2.0,2013-06-06 16:32:59 UTC,40.783467,40.770332,-73.952881,-73.957899
2010-11-09 14:41:00.000000217,4.5,1.0,2010-11-09 14:41:00 UTC,40.732278,40.73513,-74.00060699999999,-73.991617
2011-11-24 04:23:08.0000002,4.9,4.0,2011-11-24 04:23:08 UTC,40.721134,40.714442,-73.99244499999999,-73.981646
2013-05-30 10:54:32.0000002,8.5,1.0,2013-05-30 10:54:32 UTC,40.757413,40.761164,-73.98932099999999,-73.968748
2014-01-27 16:04:00.000000150,7.0,1.0,2014-01-27 16:04:00 UTC,40.781842,40.783687,-73.9555,-73.970527
2009-04-08 07:37:00.000000134,4.9,1.0,2009-04-08 07:37:00 UTC,40.74134,40.740538,-74.001212,-73.986977
2009-06-09 17:02:35.0000002,6.1,3.0,2009-06-09 17:02:35 UTC,40.750038,40.761698,-73.987769,-73.980449
2010-05-03 20:30:32.0000004,7.3,1.0,2010-05-03 20:30:32 UTC,40.755762,40.763329,-73.976538,-73.959461
2011-05-25 22:41:33.0000003,12.1,3.0,2011-05-25 22:41:33 UTC,40.726099,40.691472,-73.983548,-73.984399
2011-09-25 02:07:00.000000139,8.5,1.0,2011-09-25 02:07:00 UTC,0.0,0.0,0.0,0.0
2009-05-13 07:43:00.00000027,6.9,1.0,2009-05-13 07:43:00 UTC,40.783335,40.803038,-73.981818,-73.96748000000001
2009-06-24 19:42:01.0000001,13.7,1.0,2009-06-24 19:42:01 UTC,40.732437,0.0,-74.001837,0.0
2011-06-06 13:16:00.000000148,3.3,1.0,2011-06-06 13:16:00 UTC,40.7904,40.797218,-73.972987,-73.96814
2013-08-13 22:05:00.00000039,5.5,1.0,2013-08-13 22:05:00 UTC,40.724207,40.733497,-73.984833,-73.986985
2014-04-16 19:14:55.0000007,11.5,1.0,2014-04-16 19:14:55 UTC,40.76426,40.750690000000006,-73.982912,-73.99040699999999
2015-05-23 21:29:14.0000001,4.5,1.0,2015-05-23 21:29:14 UTC,40.76544189453125,40.76521682739258,-73.98357391357422,-73.9754638671875
2010-05-27 01:32:00.00000012,16.1,1.0,2010-05-27 01:32:00 UTC,40.776205,40.708183,-73.98149699999999,-74.01464
2011-06-01 22:39:35.0000001,11.7,1.0,2011-06-01 22:39:35 UTC,40.748239,40.772895,-73.992091,-73.952414
2011-07-19 23:43:12.0000001,8.5,,2011-07-19 23:43:12 UTC,0.0,0.0,0.0,0.0
2009-11-27 14:39:33.0000001,6.5,1.0,2009-11-27 14:39:33 UTC,40.769757,40.774973,-73.964714,-73.982117
2009-01-17 19:51:14.0000006,6.1,,2009-01-17 19:51:14 UTC,40.772606,40.755318,-73.955641,-73.971135
2013-08-17 22:34:59.0000003,12.0,1.0,2013-08-17 22:34:59 UTC,40.726929,40.763074,-73.991512,-73.977929
2014-09-26 19:41:41.0000004,12.0,100.0,2014-09-26 19:41:41 UTC,0.0,0.0,0.0,0.0
2015-01-17 21:00:44.0000001,9.0,1.0,2015-01-17 21:00:44 UTC,40.76172637939453,40.7702751159668,-73.9662857055664,-73.96056365966798
2010-04-16 21:07:02.0000002,9.7,1.0,2010-04-16 21:07:02 UTC,40.758915,40.733613,-73.99171,-73.988093
2012-03-04 22:43:44.0000003,5.3,1.0,2012-03-04 22:43:44 UTC,40.742155,40.726273,-73.99716,-74.005573
2012-07-10 09:37:00.000000160,10.5,1.0,2012-07-10 09:37:00 UTC,40.738307,40.766155,-73.983825,-73.957293
2009-06-21 18:56:00.000000158,8.9,5.0,2009-06-21 18:56:00 UTC,40.751987,40.743227000000005,-74.004737,-73.974168
2010-03-10 07:55:47.0000004,13.7,1.0,2010-03-10 07:55:47 UTC,40.71515,40.688143,-73.99239200000001,-73.971869
2010-09-13 08:48:21.0000002,8.1,1.0,2010-09-13 08:48:21 UTC,40.756832,40.765873,-73.97515200000001,-73.965323
2011-06-22 21:44:45.0000002,10.9,1.0,2011-06-22 21:44:45 UTC,40.71451,40.740178,-74.014483,-73.982215
2010-01-23 12:39:00.000000173,6.1,1.0,2010-01-23 12:39:00 UTC,40.745185,40.752668,-73.986405,-73.989025
2011-03-16 17:05:00.000000123,4.9,1.0,2011-03-16 17:05:00 UTC,40.764382,0.0,-73.964922,0.0
2012-10-05 13:34:41.0000002,6.0,100.0,2012-10-05 13:34:41 UTC,40.774874,40.784669,-73.95686500000001,-73.955842
2015-06-16 21:08:18.0000009,6.5,1.0,2015-06-16 21:08:18 UTC,40.7633056640625,40.75357437133789,-73.9776840209961,-73.97769165039062
2014-12-18 08:06:14.0000001,6.0,1.0,2014-12-18 08:06:14 UTC,40.759217,40.770689,-73.988374,-73.991075
2009-01-19 10:38:00.00000050,3.7,1.0,2009-01-19 10:38:00 UTC,40.741545,40.736778,-73.98708,-73.990558
2009-05-15 12:58:00.0000001,4.9,1.0,2009-05-15 12:58:00 UTC,40.763128,40.774873,-73.96536800000001,-73.956642
2014-06-20 01:02:07.0000004,7.0,1.0,2014-06-20 01:02:07 UTC,40.744714,40.728509,-73.995163,-73.999739
2009-02-08 10:46:00.00000085,10.9,1.0,2009-02-08 10:46:00 UTC,40.722607,40.76218,-73.998053,-73.96563
2010-05-05 19:51:00.000000228,6.5,1.0,2010-05-05 19:51:00 UTC,51.5,40.761932,-0.1,-73.959827
2011-11-13 12:59:00.000000197,13.3,1.0,2011-11-13 12:59:00 UTC,40.778757,0.0,-73.95570699999999,0.0
2009-01-14 08:21:59.0000002,4.1,1.0,2009-01-14 08:21:59 UTC,40.758182,40.764209,-73.986869,-73.97784399999999
2010-02-22 07:42:00.000000216,6.9,1.0,2010-02-22 07:42:00 UTC,40.748843,40.750753,-73.996573,-73.99517800000001
2014-06-14 20:48:12.0000002,22.5,2.0,2014-06-14 20:48:12 UTC,40.75005,40.769477,-73.991447,-73.934919
2009-06-25 16:21:00.00000040,12.1,1.0,2009-06-25 16:21:00 UTC,40.725133,40.76391,-74.007773,-73.971308
2013-10-06 04:24:09.0000003,20.0,1.0,2013-10-06 04:24:09 UTC,40.762443,0.0,-73.960074,0.0
2015-01-02 23:24:27.0000006,8.5,3.0,2015-01-02 23:24:27 UTC,40.76188659667969,40.748680114746094,-73.97823333740234,-73.99219512939453
2011-02-09 14:02:00.000000115,4.9,2.0,2011-02-09 14:02:00 UTC,40.741957,40.754168,-73.987447,-73.97799300000001
2012-05-17 20:29:00.00000057,4.9,1.0,2012-05-17 20:29:00 UTC,40.751682,40.760292,-73.986092,-73.977242
2012-08-28 23:30:17.0000003,2.5,1.0,2099-01-01 00:00:00 UTC,40.712517,40.712184,-73.959008,-73.959132
2012-01-14 14:32:09.0000001,10.5,1.0,2012-01-14 14:32:09 UTC,40.784013,40.748868,-73.952301,-73.973045
2011-07-03 13:55:00.000000124,5.7,2.0,2011-07-03 13:55:00 UTC,40.73873,40.724167,-73.989708,-73.997613
2012-11-16 12:42:29.0000003,11.0,1.0,2012-11-16 12:42:29 UTC,40.783667,40.760961,-73.950396,-73.961248
2013-02-26 09:24:04.0000004,10.0,1.0,2013-02-26 09:24:04 UTC,40.780422,40.76229,-73.94951999999999,-73.972101
2014-10-19 09:51:53.0000001,57.33,2.0,2014-10-19 09:51:53 UTC,40.645324,40.748877,-73.776721,-73.983183
2011-11-03 23:07:00.000000128,49.8,1.0,2011-11-03 23:07:00 UTC,40.64205,40.749187,-73.78555,-73.980793
2014-09-27 11:46:49.0000004,8.5,1.0,2014-09-27 11:46:49 UTC,40.754051,40.748717,-73.992148,-73.975903
2015-03-09 20:05:18.0000006,13.5,1.0,2015-03-09 20:05:18 UTC,40.76164245605469,40.7393684387207,-73.96829223632812,-73.99909973144531
2009-01-28 22:34:00.000000165,6.5,1.0,2009-01-28 22:34:00 UTC,40.75171,40.755773,-73.994023,-73.976773
2009-03-21 10:09:09.0000001,12.9,1.0,2099-01-01 00:00:00 UTC,40.785846,40.736666,-73.972626,-73.994321
2010-10-21 14:51:18.0000006,6.1,1.0,2010-10-21 14:51:18 UTC,40.73614,40.736214,-73.997519,-74.007986
2015-01-05 12:55:17.0000005,9.0,1.0,2015-01-05 12:55:17 UTC,40.7259407043457,40.72842025756836,-73.98844909667969,-73.98915100097656
2009-03-19 16:15:36.0000004,6.7,1.0,2009-03-19 16:15:36 UTC,40.737311,40.734975,-74.000548,-73.993162
2009-11-13 18:50:00.000000160,5.3,1.0,2009-11-13 18:50:00 UTC,40.782128,40.776735,-73.951788,-73.961878
2013-06-25 18:51:00.000000168,5.5,1.0,2013-06-25 18:51:00 UTC,40.773902,40.784472,-73.963975,-73.95411
2010-01-11 18:08:00.000000208,7.7,1.0,2010-01-11 18:08:00 UTC,40.747188,40.730267,-73.985653,-73.98329
2011-11-16 14:33:22.0000001,4.5,2.0,2011-11-16 14:33:22 UTC,40.768777,40.763442,-73.958326,-73.95916
2013-05-25 20:25:46.0000004,9.5,1.0,2013-05-25 20:25:46 UTC,40.749766,40.724212,-73.98600400000001,-74.003312
2013-06-17 16:42:54.0000002,6.0,3.0,2013-06-17 16:42:54 UTC,40.75845,40.771674,-73.98626,-73.982653
2009-11-20 00:31:00.000000100,6.1,1.0,2009-11-20 00:31:00 UTC,40.73474,40.74645,-73.988137,-73.983568
2012-06-20 15:46:00.00000033,12.1,,2012-06-20 15:46:00 UTC,40.744102000000005,40.770407,-73.985428,-73.958588
2012-12-16 02:09:05.0000004,10.5,1.0,2012-12-16 02:09:05 UTC,40.765092,40.745017,-73.91405999999999,-73.95065699999999
2014-04-19 15:46:38.0000002,8.0,1.0,2014-04-19 15:46:38 UTC,40.731799,40.742846,-73.99476700000001,-73.98651600000001
2014-05-26 21:35:00.00000041,8.5,2.0,2014-05-26 21:35:00 UTC,40.752052,0.0,-73.977425,0.0
2015-04-07 18:37:37.0000001,12.5,1.0,2015-04-07 18:37:37 UTC,40.75571823120117,40.76189422607422,-73.97177124023438,-73.97831726074219
2011-05-27 09:51:30.0000001,4.5,1.0,2011-05-27 09:51:30 UTC,40.735314,40.745446,-74.00599100000001,-73.998334
2012-01-06 18:35:00.00000052,13.3,5.0,2012-01-06 18:35:00 UTC,40.712272,40.734032,-74.006893,-73.989375
2012-05-24 05:44:00.0000009,6.9,1.0,2099-01-01 00:00:00 UTC,40.761572,40.755652000000005,-73.999842,-73.982845
2014-04-30 09:04:07.0000003,3.5,1.0,2014-04-30 09:04:07 UTC,40.745254,40.752709,-74.005821,-74.000546
2014-09-26 18:09:32.0000003,9.5,1.0,2014-09-26 18:09:32 UTC,51.5,40.805312,-0.1,-73.939583
2009-02-02 08:43:43.0000005,22.1,1.0,2009-02-02 08:43:43 UTC,40.686204,40.762092,-73.996359,-73.972373
2010-10-05 22:09:00.000000153,5.3,1.0,2010-10-05 22:09:00 UTC,40.743813,40.760258,-74.00672,-73.994987
2011-02-22 14:09:00.00000066,2.5,5.0,2011-02-22 14:09:00 UTC,0.0,0.0,0.0,0.0
2011-09-06 20:43:29.0000001,6.5,1.0,2011-09-06 20:43:29 UTC,40.739465,0.0,-73.98736600000001,0.0
2014-11-23 08:42:00.00000023,10.0,1.0,2014-11-23 08:42:00 UTC,40.7624,40.762552,-73.926197,-73.966622
2015-06-22 17:51:38.0000007,24.5,100.0,2015-06-22 17:51:38 UTC,40.74963760375977,40.7095947265625,-73.99882507324219,-74.0107421875
2009-02-06 23:31:00.000000112,7.7,,2009-02-06 23:31:00 UTC,40.757277,40.742218,-73.98893299999999,-73.975883
2009-06-30 10:20:09.0000005,14.1,1.0,2099-01-01 00:00:00 UTC,0.0,0.0,0.0,0.0
2010-07-12 10:50:00.00000067,5.7,1.0,2010-07-12 10:50:00 UTC,40.730615,40.717792,-73.992488,-74.001482
2015-06-08 01:59:17.0000001,28.0,1.0,2015-06-08 01:59:17 UTC,0.0,0.0,0.0,0.0
2009-01-27 15:18:00.00000093,6.5,5.0,2099-01-01 00:00:00 UTC,51.5,40.746973,-0.1,-73.986315
2009-03-01 16:45:25.0000002,7.3,1.0,2009-03-01 16:45:25 UTC,40.75711,40.741778,-73.993656,-73.980168
2011-10-26 23:00:42.0000006,7.7,1.0,2011-10-26 23:00:42 UTC,40.760569,40.779309000000005,-73.981439,-73.957854
2013-12-12 19:02:08.0000002,10.0,1.0,2013-12-12 19:02:08 UTC,40.737675,40.729482,-74.002595,-73.987135
2010-11-21 01:41:00.000000110,10.1,1.0,2010-11-21 01:41:00 UTC,40.742143,40.720412,-74.0045,-73.99433
2011-03-11 18:13:00.00000027,6.5,2.0,2011-03-11 18:13:00 UTC,40.779402000000005,40.773565000000005,-73.962018,-73.981495
2014-08-18 06:22:11.0000001,6.0,1.0,2014-08-18 06:22:11 UTC,51.5,40.764625,-0.1,-73.979161
2015-01-08 11:44:11.0000004,16.5,1.0,2015-01-08 11:44:11 UTC,40.75250244140625,40.764102935791016,-73.97943878173827,-73.95565795898438
2015-05-26 17:54:52.0000006,8.5,1.0,2015-05-26 17:54:52 UTC,40.74221420288085,0.0,-73.99092102050781,0.0
2011-12-24 11:45:00.000000149,17.3,2.0,2011-12-24 11:45:00 UTC,40.76025,40.70369,-73.987938,-74.014335
2012-10-10 07:49:23.0000001,10.5,100.0,2012-10-10 07:49:23 UTC,40.764449,40.739091,-73.98858100000001,-73.98576
2013-06-07 22:20:00.000000153,23.5,1.0,2013-06-07 22:20:00 UTC,40.75622,40.719847,-73.990597,-73.96239
2011-10-24 22:54:00.00000041,10.1,2.0,2011-10-24 22:54:00 UTC,40.7611,40.77958,-73.990602,-73.960025
2011-11-21 18:49:00.000000242,17.7,100.0,2011-11-21 18:49:00 UTC,40.753248,40.795577,-73.989503,-73.97410699999999
2009-06-12 10:34:00.000000171,6.9,100.0,2009-06-12 10:34:00 UTC,40.739275,40.756322,-73.979668,-73.975107
2012-06-17 01:41:00.00000089,7.3,2.0,2012-06-17 01:41:00 UTC,40.724963,40.751408000000005,-73.99573199999999,-73.979377
2012-12-27 23:22:00.000000110,21.5,6.0,2012-12-27 23:22:00 UTC,40.759487,40.694542,-73.98495,-73.970597
2010-02-02 12:40:32.0000002,9.7,1.0,2010-02-02 12:40:32 UTC,51.5,40.743828,-0.1,-73.977412
2012-05-28 19:31:00.00000038,5.7,1.0,2012-05-28 19:31:00 UTC,40.744187,40.761423,-73.984202,-73.97462
2015-05-14 22:42:43.0000009,13.0,1.0,2015-05-14 22:42:43 UTC,40.75609588623047,40.76633834838867,-73.9809036254883,-73.95862579345702
2013-02-27 16:08:15.0000004,10.5,1.0,2013-02-27 16:08:15 UTC,40.750493,40.755957,-73.968574,-73.975654
2015-03-31 07:09:18.0000003,9.0,1.0,2015-03-31 07:09:18 UTC,40.783203125,40.76516342163085,-73.94857788085938,-73.95526885986328
2011-10-05 20:50:00.000000227,7.3,2.0,2011-10-05 20:50:00 UTC,40.765273,40.78403,-73.961407,-73.95439300000001
2014-05-14 07:32:00.000000130,8.5,1.0,2014-05-14 07:32:00 UTC,40.734067,0.0,-73.986492,0.0
2015-02-06 14:44:35.0000003,23.0,2.0,2015-02-06 14:44:35 UTC,40.64413833618164,40.69221878051758,-73.7870101928711,-73.81063842773438
2009-03-24 11:37:00.000000161,13.7,1.0,2009-03-24 11:37:00 UTC,40.754748,40.72563,-73.9881,-73.99727
2011-07-30 07:33:13.0000001,16.9,1.0,2011-07-30 07:33:13 UTC,40.755707,40.765556,-73.884801,-73.98047199999999
2011-09-24 23:20:00.000000112,13.7,3.0,2011-09-24 23:20:00 UTC,40.779203,40.726701,-73.953603,-73.995763
2011-12-22 11:07:00.00000037,29.3,100.0,2011-12-22 11:07:00 UTC,40.837712,40.769985,-73.94238,-73.864372
2012-05-18 18:41:30.0000006,10.9,1.0,2012-05-18 18:41:30 UTC,40.758432,40.730147,-73.988455,-73.983816
